"manufacturer","mfr.division","carline","displacement","cylinders","transmission","city.fe","hwy.fe","gears","drive.system"
"Honda","Acura","NSX",3.5,6,"Auto(AM-S9)",21,22,9,"A"
"FCA US LLC","ALFA ROMEO","4C",1.8,4,"Auto(AM6)",24,34,6,"R"
"aston martin","Aston Martin Lagonda Ltd","V12 Vantage S",6,12,"Auto(AM7)",12,18,7,"R"
"aston martin","Aston Martin Lagonda Ltd","V12 Vantage S",6,12,"Manual(M7)",10,16,7,"R"
"Volkswagen Group of","Audi","R8",5.2,10,"Auto(AM-S7)",14,22,7,"A"
"Volkswagen Group of","Audi","R8 Spyder",5.2,10,"Auto(AM-S7)",14,22,7,"A"
"Volkswagen Group of","Audi","TT Roadster quattro",2,4,"Auto(AM-S6)",23,30,6,"A"
"General Motors","Chevrolet","CORVETTE",6.2,8,"Auto(S8)",13,23,8,"R"
"General Motors","Chevrolet","CORVETTE",6.2,8,"Auto(S8)",15,26,8,"R"
"General Motors","Chevrolet","CORVETTE",6.2,8,"Manual(M7)",15,22,7,"R"
"General Motors","Chevrolet","CORVETTE",6.2,8,"Manual(M7)",16,25,7,"R"
"FCA US LLC","Dodge","Viper",8.4,10,"Manual(M6)",12,19,6,"R"
"Ferrari","Ferrari North America, Inc.","488 gtb",3.9,8,"Auto(AM7)",15,22,7,"R"
"Ferrari","Ferrari North America, Inc.","488 gtb",3.9,8,"Auto(AM7)",16,22,7,"R"
"Ferrari","Ferrari North America, Inc.","488 Spider",3.9,8,"Auto(AM7)",15,22,7,"R"
"Ferrari","Ferrari North America, Inc.","488 Spider",3.9,8,"Auto(AM7)",16,22,7,"R"
"Ferrari","Ferrari North America, Inc.","F12 Berlinetta",6.3,12,"Auto(AM7)",12,16,7,"R"
"Ferrari","Ferrari North America, Inc.","F12 Berlinetta",6.3,12,"Auto(AM7)",12,16,7,"R"
"Ferrari","Ferrari North America, Inc.","F12 tdf",6.3,12,"Auto(AM7)",11,15,7,"R"
"Ferrari","Ferrari North America, Inc.","F12 tdf",6.3,12,"Auto(AM7)",11,15,7,"R"
"Ferrari","Ferrari North America, Inc.","LaFerrari Aperta",6.3,12,"Auto(AM7)",12,15,7,"P"
"FCA US LLC","FIAT","124 Spider",1.4,4,"Auto(A6)",25,36,6,"R"
"FCA US LLC","FIAT","124 Spider",1.4,4,"Manual(M6)",26,35,6,"R"
"Ford Motor Company","Ford","Ford GT",3.5,6,"Auto(AM7)",11,18,7,"R"
"Jaguar Land Rover L","Jaguar","F-TYPE Convertible",3,6,"Auto(S8)",20,28,8,"R"
"Jaguar Land Rover L","Jaguar","F-TYPE Convertible Manual",3,6,"Manual(M6)",16,24,6,"R"
"Jaguar Land Rover L","Jaguar","F-TYPE Coupe",3,6,"Auto(S8)",20,28,8,"R"
"Jaguar Land Rover L","Jaguar","F-TYPE Coupe Manual",3,6,"Manual(M6)",16,24,6,"R"
"Jaguar Land Rover L","Jaguar","F-TYPE R AWD Convertible",5,8,"Auto(S8)",15,23,8,"A"
"Jaguar Land Rover L","Jaguar","F-TYPE R AWD Coupe",5,8,"Auto(S8)",15,23,8,"A"
"Jaguar Land Rover L","Jaguar","F-TYPE S AWD Convertible",3,6,"Auto(S8)",18,26,8,"A"
"Jaguar Land Rover L","Jaguar","F-TYPE S AWD Coupe",3,6,"Auto(S8)",18,26,8,"A"
"Jaguar Land Rover L","Jaguar","F-TYPE S Convertible",3,6,"Auto(S8)",19,27,8,"R"
"Jaguar Land Rover L","Jaguar","F-TYPE S Convertible Manual",3,6,"Manual(M6)",15,24,6,"R"
"Jaguar Land Rover L","Jaguar","F-TYPE S Coupe",3,6,"Auto(S8)",19,27,8,"R"
"Jaguar Land Rover L","Jaguar","F-TYPE S Coupe Manual",3,6,"Manual(M6)",15,24,6,"R"
"Volkswagen Group of","Lamborghini","Aventador Coupe",6.5,12,"Auto(AM-S7)",11,18,7,"A"
"Volkswagen Group of","Lamborghini","Aventador Coupe LP740-4",6.5,12,"Auto(AM-S7)",10,16,7,"A"
"Volkswagen Group of","Lamborghini","Aventador Roadster",6.5,12,"Auto(AM-S7)",10,18,7,"A"
"Volkswagen Group of","Lamborghini","Aventador Roadster LP740-4",6.5,12,"Auto(AM-S7)",10,16,7,"A"
"Volkswagen Group of","Lamborghini","Huracan",5.2,10,"Auto(AM-S7)",14,21,7,"A"
"Volkswagen Group of","Lamborghini","Huracan 2WD",5.2,10,"Auto(AM-S7)",14,21,7,"R"
"Volkswagen Group of","Lamborghini","Huracan Spyder",5.2,10,"Auto(AM-S7)",14,20,7,"A"
"Volkswagen Group of","Lamborghini","Huracan Spyder 2WD",5.2,10,"Auto(AM-S7)",14,20,7,"R"
"MAZDA","MAZDA","MX-5",2,4,"Auto(S6)",26,35,6,"R"
"MAZDA","MAZDA","MX-5",2,4,"Manual(M6)",26,33,6,"R"
"McLaren Automotive","McLaren","570GT",3.8,8,"Auto(A7)",16,23,7,"R"
"McLaren Automotive","McLaren","570S Coupe",3.8,8,"Auto(A7)",16,23,7,"R"
"Mercedes-Benz","Mercedes-Benz","AMG GT",4,8,"Auto(AM7)",16,22,7,"R"
"Mercedes-Benz","Mercedes-Benz","AMG GT S",4,8,"Auto(AM7)",16,22,7,"R"
"Mercedes-Benz","Mercedes-Benz","AMG SL 63",5.5,8,"Auto(A7)",16,25,7,"R"
"Mercedes-Benz","Mercedes-Benz","AMG SL 65",6,12,"Auto(A7)",13,22,7,"R"
"Mercedes-Benz","Mercedes-Benz","AMG SLC 43",3,6,"Auto(A9)",20,29,9,"R"
"Mercedes-Benz","Mercedes-Benz","SL 450",3,6,"Auto(A9)",20,28,9,"R"
"Mercedes-Benz","Mercedes-Benz","SL 550",4.7,8,"Auto(A9)",17,25,9,"R"
"Mercedes-Benz","Mercedes-Benz","SLC 300",2,4,"Auto(A9)",25,32,9,"R"
"Mercedes-Benz","Mercedes-Benz","Smart fortwo (Convertible)",0.9,3,"Auto(AM6)",33,38,6,"R"
"Mercedes-Benz","Mercedes-Benz","Smart fortwo (Convertible)",0.9,3,"Manual(M5)",31,38,5,"R"
"Mercedes-Benz","Mercedes-Benz","Smart fortwo (COUPE)",0.9,3,"Auto(AM6)",33,39,6,"R"
"Mercedes-Benz","Mercedes-Benz","Smart fortwo (COUPE)",0.9,3,"Manual(M5)",31,39,5,"R"
"Nissan","NISSAN","370Z",3.7,6,"Auto(S7)",19,26,7,"R"
"Nissan","NISSAN","370Z",3.7,6,"Manual(M6)",18,26,6,"R"
"Nissan","NISSAN","370Z Roadster",3.7,6,"Auto(S7)",18,25,7,"R"
"Nissan","NISSAN","370Z Roadster",3.7,6,"Manual(M6)",17,24,6,"R"
"Porsche","Porsche","Boxster",2,4,"Auto(AM-S7)",22,29,7,"R"
"Porsche","Porsche","Boxster",2,4,"Manual(M6)",21,28,6,"R"
"Porsche","Porsche","Boxster S",2.5,4,"Auto(AM-S7)",21,28,7,"R"
"Porsche","Porsche","Boxster S",2.5,4,"Manual(M6)",20,26,6,"R"
"aston martin","Aston Martin Lagonda Ltd","Vanquish, S and Zagato",6,12,"Auto(S8)",13,21,8,"R"
"Ferrari","Ferrari North America, Inc.","California T",3.9,8,"Auto(AM7)",16,23,7,"R"
"Ferrari","Ferrari North America, Inc.","California T",3.9,8,"Auto(AM7)",16,23,7,"R"
"Ferrari","Ferrari North America, Inc.","GTC4Lusso",6.3,12,"Auto(AM7)",12,17,7,"P"
"Ferrari","Ferrari North America, Inc.","GTC4Lusso",6.3,12,"Auto(AM7)",11,17,7,"P"
"FCA US LLC","FIAT","500",1.4,4,"Auto(A6)",27,33,6,"F"
"FCA US LLC","FIAT","500",1.4,4,"Auto(A6)",24,32,6,"F"
"FCA US LLC","FIAT","500",1.4,4,"Manual(M5)",31,38,5,"F"
"FCA US LLC","FIAT","500",1.4,4,"Manual(M5)",28,33,5,"F"
"FCA US LLC","FIAT","500 Abarth",1.4,4,"Auto(A6)",24,32,6,"F"
"FCA US LLC","FIAT","500 Abarth",1.4,4,"Manual(M5)",28,33,5,"F"
"Lotus","Lotus Cars Ltd","Evora",3.5,6,"Auto(S6)",17,24,6,"R"
"Lotus","Lotus Cars Ltd","Evora",3.5,6,"Manual(M6)",16,24,6,"R"
"BMW","Mini","JOHN COOPER WORKS CONVERTIBLE",2,4,"Auto(S6)",24,32,6,"F"
"BMW","Mini","JOHN COOPER WORKS CONVERTIBLE",2,4,"Manual(M6)",22,31,6,"F"
"BMW","Mini","MINI COOPER CONVERTIBLE",1.5,4,"Auto(S6)",27,36,6,"F"
"BMW","Mini","MINI COOPER CONVERTIBLE",1.5,4,"Manual(M6)",28,37,6,"F"
"BMW","Mini","Mini Cooper S Convertible",2,4,"Auto(S6)",25,33,6,"F"
"BMW","Mini","Mini Cooper S Convertible",2,4,"Manual(M6)",23,32,6,"F"
"Porsche","Porsche","911 Carrera",3,6,"Auto(AM-S7)",22,30,7,"R"
"Porsche","Porsche","911 Carrera",3,6,"Manual(M7)",20,29,7,"R"
"Porsche","Porsche","911 Carrera 4",3,6,"Auto(AM-S7)",22,28,7,"4"
"Porsche","Porsche","911 Carrera 4",3,6,"Manual(M7)",20,28,7,"4"
"Porsche","Porsche","911 Carrera 4 Cabriolet",3,6,"Auto(AM-S7)",21,28,7,"4"
"Porsche","Porsche","911 Carrera 4 Cabriolet",3,6,"Manual(M7)",19,28,7,"4"
"Porsche","Porsche","911 Carrera 4 GTS",3,6,"Auto(AM-S7)",20,26,7,"4"
"Porsche","Porsche","911 Carrera 4 GTS",3,6,"Manual(M7)",18,26,7,"4"
"Porsche","Porsche","911 Carrera 4 GTS Cabriolet",3,6,"Auto(AM-S7)",20,25,7,"4"
"Porsche","Porsche","911 Carrera 4 GTS Cabriolet",3,6,"Manual(M7)",18,26,7,"4"
"Porsche","Porsche","911 Carrera 4S",3,6,"Auto(AM-S7)",21,28,7,"4"
"Porsche","Porsche","911 Carrera 4S",3,6,"Manual(M7)",20,28,7,"4"
"Porsche","Porsche","911 Carrera 4S Cabriolet",3,6,"Auto(AM-S7)",21,28,7,"4"
"Porsche","Porsche","911 Carrera 4S Cabriolet",3,6,"Manual(M7)",19,28,7,"4"
"Porsche","Porsche","911 Carrera Cabriolet",3,6,"Auto(AM-S7)",22,28,7,"R"
"Porsche","Porsche","911 Carrera Cabriolet",3,6,"Manual(M7)",20,29,7,"R"
"Porsche","Porsche","911 Carrera GTS",3,6,"Auto(AM-S7)",20,26,7,"R"
"Porsche","Porsche","911 Carrera GTS",3,6,"Manual(M7)",18,26,7,"R"
"Porsche","Porsche","911 Carrera GTS Cabriolet",3,6,"Auto(AM-S7)",20,26,7,"R"
"Porsche","Porsche","911 Carrera GTS Cabriolet",3,6,"Manual(M7)",18,26,7,"R"
"Porsche","Porsche","911 Carrera S",3,6,"Auto(AM-S7)",22,28,7,"R"
"Porsche","Porsche","911 Carrera S",3,6,"Manual(M7)",20,29,7,"R"
"Porsche","Porsche","911 Carrera S Cabriolet",3,6,"Auto(AM-S7)",22,28,7,"R"
"Porsche","Porsche","911 Carrera S Cabriolet",3,6,"Manual(M7)",20,28,7,"R"
"Porsche","Porsche","911 Targa 4",3,6,"Auto(AM-S7)",22,28,7,"4"
"Porsche","Porsche","911 Targa 4",3,6,"Manual(M7)",19,28,7,"4"
"Porsche","Porsche","911 Targa 4 GTS",3,6,"Auto(AM-S7)",20,26,7,"4"
"Porsche","Porsche","911 Targa 4 GTS",3,6,"Manual(M7)",18,26,7,"4"
"Porsche","Porsche","911 Targa 4S",3,6,"Auto(AM-S7)",21,27,7,"4"
"Porsche","Porsche","911 Targa 4S",3,6,"Manual(M7)",19,28,7,"4"
"Porsche","Porsche","911 Turbo",3.8,6,"Auto(AM-S7)",19,24,7,"A"
"Porsche","Porsche","911 Turbo Cabriolet",3.8,6,"Auto(AM-S7)",19,24,7,"A"
"Porsche","Porsche","911 Turbo S",3.8,6,"Auto(AM-S7)",19,24,7,"A"
"Porsche","Porsche","911 Turbo S Cabriolet",3.8,6,"Auto(AM-S7)",19,24,7,"A"
"Subaru","Subaru","BRZ",2,4,"Auto(S6)",24,33,6,"R"
"Subaru","Subaru","BRZ",2,4,"Manual(M6)",21,29,6,"R"
"Toyota","TOYOTA","86",2,4,"Auto(S6)",24,32,6,"R"
"Toyota","TOYOTA","86",2,4,"Manual(M6)",21,28,6,"R"
"aston martin","Aston Martin Lagonda Ltd","Rapide S",6,12,"Auto(S8)",14,21,8,"R"
"Volkswagen Group of","Audi","A3",2,4,"Auto(AM-S7)",26,35,7,"F"
"Volkswagen Group of","Audi","A3 Cabriolet",2,4,"Auto(AM-S7)",25,34,7,"F"
"Volkswagen Group of","Audi","A3 Cabriolet quattro",2,4,"Auto(AM-S6)",22,30,6,"A"
"Volkswagen Group of","Audi","A3 quattro",2,4,"Auto(AM-S6)",24,31,6,"A"
"Volkswagen Group of","Audi","A5 Cabriolet quattro",2,4,"Auto(S8)",21,29,8,"A"
"Volkswagen Group of","Audi","A5 quattro",2,4,"Auto(S8)",22,30,8,"A"
"Volkswagen Group of","Audi","A5 quattro",2,4,"Manual(M6)",23,32,6,"A"
"Volkswagen Group of","Audi","S3",2,4,"Auto(AM-S6)",21,28,6,"A"
"Volkswagen Group of","Audi","S5",3,6,"Auto(AM-S7)",18,28,7,"A"
"Volkswagen Group of","Audi","S5",3,6,"Manual(M6)",17,26,6,"A"
"Volkswagen Group of","Audi","S5 Cabriolet",3,6,"Auto(AM-S7)",18,26,7,"A"
"Volkswagen Group of","Audi","TT Coupe quattro",2,4,"Auto(AM-S6)",23,30,6,"A"
"Volkswagen Group of","Audi","TTS Coupe",2,4,"Auto(AM-S6)",23,27,6,"A"
"Volkswagen Group of","Bentley","Continental GT Convertible",4,8,"Auto(S8)",14,24,8,"A"
"Volkswagen Group of","Bentley","Continental GT Convertible",6,12,"Auto(S8)",12,20,8,"A"
"BMW","BMW","230i Convertible",2,4,"Auto(S8)",23,34,8,"R"
"BMW","BMW","230i Coupe",2,4,"Auto(S8)",24,35,8,"R"
"BMW","BMW","230i Coupe",2,4,"Manual(M6)",21,32,6,"R"
"BMW","BMW","230i xDrive Convertible",2,4,"Auto(S8)",23,33,8,"A"
"BMW","BMW","230i xDrive Coupe",2,4,"Auto(S8)",24,33,8,"A"
"BMW","BMW","430i Convertible",2,4,"Auto(S8)",23,34,8,"R"
"BMW","BMW","430i xDrive Convertible",2,4,"Auto(S8)",22,32,8,"A"
"BMW","BMW","440i Convertible",3,6,"Auto(S8)",21,29,8,"R"
"BMW","BMW","440i xDrive Convertible",3,6,"Auto(S8)",20,30,8,"A"
"BMW","BMW","640i Convertible",3,6,"Auto(S8)",20,29,8,"R"
"BMW","BMW","640i Coupe",3,6,"Auto(S8)",21,30,8,"R"
"BMW","BMW","640i xDrive Convertible",3,6,"Auto(S8)",19,28,8,"A"
"BMW","BMW","640i xDrive Coupe",3,6,"Auto(S8)",19,28,8,"A"
"BMW","BMW","650i Convertible",4.4,8,"Auto(S8)",17,24,8,"R"
"BMW","BMW","650i Coupe",4.4,8,"Auto(S8)",17,24,8,"R"
"BMW","BMW","650i xDrive Convertible",4.4,8,"Auto(S8)",15,24,8,"A"
"BMW","BMW","650i xDrive Coupe",4.4,8,"Auto(S8)",16,24,8,"A"
"BMW","BMW","M2",3,6,"Auto(AM-S7)",20,26,7,"R"
"BMW","BMW","M2",3,6,"Manual(M6)",18,26,6,"R"
"BMW","BMW","M240i Convertible",3,6,"Auto(S8)",21,32,8,"R"
"BMW","BMW","M240i Convertible",3,6,"Manual(M6)",19,29,6,"R"
"BMW","BMW","M240i Coupe",3,6,"Auto(S8)",21,32,8,"R"
"BMW","BMW","M240i Coupe",3,6,"Manual(M6)",19,28,6,"R"
"BMW","BMW","M240i xDrive Convertible",3,6,"Auto(S8)",21,31,8,"A"
"BMW","BMW","M240i xDrive Coupe",3,6,"Auto(S8)",21,31,8,"A"
"BMW","BMW","M4 Convertible",3,6,"Auto(AM-S7)",17,24,7,"R"
"BMW","BMW","M4 Convertible",3,6,"Manual(M6)",17,26,6,"R"
"BMW","BMW","M6 Convertible",4.4,8,"Auto(AM-S7)",14,20,7,"R"
"BMW","BMW","M6 Convertible",4.4,8,"Manual(M6)",15,22,6,"R"
"BMW","BMW","M6 Coupe",4.4,8,"Auto(AM-S7)",14,20,7,"R"
"BMW","BMW","M6 Coupe",4.4,8,"Manual(M6)",15,22,6,"R"
"General Motors","Buick","CASCADA",1.6,4,"Auto(S6)",20,27,6,"R"
"General Motors","Chevrolet","CAMARO",2,4,"Auto(S8)",22,31,8,"R"
"General Motors","Chevrolet","CAMARO",2,4,"Manual(M6)",20,30,6,"R"
"General Motors","Chevrolet","CAMARO",3.6,6,"Auto(S8)",19,28,8,"R"
"General Motors","Chevrolet","CAMARO",3.6,6,"Manual(M6)",16,28,6,"R"
"General Motors","Chevrolet","CAMARO",6.2,8,"Auto(S8)",17,27,8,"R"
"General Motors","Chevrolet","CAMARO",6.2,8,"Manual(M6)",14,20,6,"R"
"General Motors","Chevrolet","CAMARO",6.2,8,"Manual(M6)",16,25,6,"R"
"General Motors","Chevrolet","SPARK",1.4,4,"Auto(AV)",30,38,1,"F"
"General Motors","Chevrolet","SPARK",1.4,4,"Manual(M5)",29,38,5,"F"
"General Motors","Chevrolet","SPARK ACTIV",1.4,4,"Auto(AV)",30,37,1,"F"
"General Motors","Chevrolet","SPARK ACTIV",1.4,4,"Manual(M5)",29,37,5,"F"
"Ford Motor Company","Ford","Fiesta FWD",1.6,4,"Auto(AM-S6)",27,37,6,"F"
"Ford Motor Company","Ford","Fiesta FWD",1.6,4,"Manual(M5)",27,35,5,"F"
"Ford Motor Company","Ford","Fiesta SFE FWD",1,3,"Manual(M5)",31,41,5,"F"
"Ford Motor Company","Ford","MUSTANG",2.3,4,"Auto(S6)",21,30,6,"R"
"Ford Motor Company","Ford","MUSTANG",2.3,4,"Manual(M6)",21,30,6,"R"
"Ford Motor Company","Ford","MUSTANG",3.7,6,"Auto(S6)",18,27,6,"R"
"Ford Motor Company","Ford","MUSTANG",3.7,6,"Manual(M6)",18,27,6,"R"
"Ford Motor Company","Ford","MUSTANG",5,8,"Auto(S6)",15,24,6,"R"
"Ford Motor Company","Ford","MUSTANG",5,8,"Manual(M6)",15,25,6,"R"
"Ford Motor Company","Ford","MUSTANG CONVERTIBLE",2.3,4,"Auto(S6)",20,28,6,"R"
"Ford Motor Company","Ford","MUSTANG CONVERTIBLE",2.3,4,"Manual(M6)",21,27,6,"R"
"Ford Motor Company","Ford","MUSTANG CONVERTIBLE",5,8,"Auto(S6)",15,23,6,"R"
"Ford Motor Company","Ford","MUSTANG CONVERTIBLE",5,8,"Manual(M6)",14,23,6,"R"
"Ford Motor Company","Ford","MUSTANG PERFORMANCE PACKAGE",2.3,4,"Auto(S6)",20,28,6,"R"
"Ford Motor Company","Ford","MUSTANG PERFORMANCE PACKAGE",2.3,4,"Manual(M6)",21,28,6,"R"
"Ford Motor Company","Ford","MUSTANG PERFORMANCE PACKAGE",5,8,"Manual(M6)",14,23,6,"R"
"Ford Motor Company","Ford","SHELBY GT350 MUSTANG",5.2,8,"Manual(M6)",14,21,6,"R"
"Nissan","INFINITI","Q60",2,4,"Auto(S7)",22,30,7,"R"
"Nissan","INFINITI","Q60",3,6,"Auto(S7)",19,28,7,"R"
"Nissan","INFINITI","Q60 AWD",2,4,"Auto(S7)",21,28,7,"A"
"Nissan","INFINITI","Q60 AWD",3,6,"Auto(S7)",19,27,7,"A"
"Nissan","INFINITI","Q60S AWD RED SPORT",3,6,"Auto(S7)",19,26,7,"A"
"Nissan","INFINITI","Q60S RED SPORT",3,6,"Auto(S7)",20,27,7,"R"
"Toyota","LEXUS","RC 200t",2,4,"Auto(S8)",22,32,8,"R"
"Toyota","LEXUS","RC 300 AWD",3.5,6,"Auto(S6)",19,26,6,"A"
"Toyota","LEXUS","RC 350",3.5,6,"Auto(S8)",19,28,8,"R"
"Toyota","LEXUS","RC 350 AWD",3.5,6,"Auto(S6)",19,26,6,"A"
"Toyota","LEXUS","RC F",5,8,"Auto(S8)",16,25,8,"R"
"Maserati","MASERATI","GRANTURISMO",4.7,8,"Auto(A6)",13,21,6,"R"
"Maserati","MASERATI","GRANTURISMO CONVERTIBLE",4.7,8,"Auto(A6)",13,20,6,"R"
"Mercedes-Benz","Mercedes-Benz","AMG C 43 4MATIC  (convertible)",3,6,"Auto(A9)",19,26,9,"4"
"Mercedes-Benz","Mercedes-Benz","AMG C 43 4MATIC (coupe)",3,6,"Auto(A9)",20,28,9,"4"
"Mercedes-Benz","Mercedes-Benz","AMG C 63 (convertible)",4,8,"Auto(A7)",17,22,7,"R"
"Mercedes-Benz","Mercedes-Benz","AMG C 63 (coupe)",4,8,"Auto(A7)",17,23,7,"R"
"Mercedes-Benz","Mercedes-Benz","AMG C 63 S (convertible)",4,8,"Auto(A7)",17,22,7,"R"
"Mercedes-Benz","Mercedes-Benz","AMG C 63 S (coupe)",4,8,"Auto(A7)",17,23,7,"R"
"Mercedes-Benz","Mercedes-Benz","AMG S 63 4MATIC (convertible)",5.5,8,"Auto(A7)",14,22,7,"4"
"Mercedes-Benz","Mercedes-Benz","C 300 (convertible)",2,4,"Auto(A9)",23,31,9,"R"
"Mercedes-Benz","Mercedes-Benz","C 300 (Coupe)",2,4,"Auto(A7)",23,30,7,"R"
"Mercedes-Benz","Mercedes-Benz","C 300 4MATIC  (convertible)",2,4,"Auto(A9)",22,29,9,"4"
"Mercedes-Benz","Mercedes-Benz","C 300 4MATIC (Coupe)",2,4,"Auto(A7)",23,29,7,"4"
"Mercedes-Benz","Mercedes-Benz","E 400 (convertible)",3,6,"Auto(A7)",20,29,7,"R"
"Mercedes-Benz","Mercedes-Benz","E 400 (coupe)",3,6,"Auto(A7)",20,29,7,"R"
"Mercedes-Benz","Mercedes-Benz","E 400 4MATIC (coupe)",3,6,"Auto(A7)",20,28,7,"4"
"Mercedes-Benz","Mercedes-Benz","E 550 (convertible)",4.7,8,"Auto(A7)",17,25,7,"R"
"Mercedes-Benz","Mercedes-Benz","E 550 (coupe)",4.7,8,"Auto(A7)",18,26,7,"R"
"Mercedes-Benz","Mercedes-Benz","S 550 (convertible)",4.7,8,"Auto(A9)",17,25,9,"R"
"Mercedes-Benz","Mercedes-Benz","S 65 AMG (convertible)",6,12,"Auto(A7)",14,21,7,"R"
"BMW","Mini","JOHN COOPER WORKS HARDTOP",2,4,"Auto(S6)",25,32,6,"F"
"BMW","Mini","JOHN COOPER WORKS HARDTOP",2,4,"Manual(M6)",23,32,6,"F"
"BMW","Mini","MINI COOPER HARDTOP 2 DOOR",1.5,4,"Auto(S6)",27,36,6,"F"
"BMW","Mini","MINI COOPER HARDTOP 2 DOOR",1.5,4,"Manual(M6)",28,38,6,"F"
"BMW","Mini","MINI COOPER HARDTOP 4 DOOR",1.5,4,"Auto(S6)",27,36,6,"F"
"BMW","Mini","MINI COOPER HARDTOP 4 DOOR",1.5,4,"Manual(M6)",28,37,6,"F"
"BMW","Mini","Mini Cooper S Hardtop 2 door",2,4,"Auto(S6)",25,32,6,"F"
"BMW","Mini","Mini Cooper S Hardtop 2 door",2,4,"Manual(M6)",23,32,6,"F"
"BMW","Mini","Mini Cooper S Hardtop 4 door",2,4,"Auto(S6)",25,32,6,"F"
"BMW","Mini","Mini Cooper S Hardtop 4 door",2,4,"Manual(M6)",23,32,6,"F"
"Nissan","NISSAN","GT-R",3.8,6,"Auto(AM6)",16,22,6,"A"
"Roush","Roush Industries, Inc.","Roush Stage 3 Mustang",5,8,"Auto(S6)",14,22,6,"R"
"Roush","Roush Industries, Inc.","Roush Stage 3 Mustang",5,8,"Manual(M6)",13,23,6,"R"
"Toyota","TOYOTA","YARIS iA",1.5,4,"Auto(S6)",32,40,6,"F"
"Toyota","TOYOTA","YARIS iA",1.5,4,"Manual(M6)",30,39,6,"F"
"Volkswagen Group of","Volkswagen","Beetle Convertible",1.8,4,"Auto(S6)",24,33,6,"F"
"Volkswagen Group of","Volkswagen","Beetle Dune Convertible",1.8,4,"Auto(S6)",24,31,6,"F"
"Honda","Acura","ILX",2.4,4,"Auto(AM-S8)",25,35,8,"F"
"Honda","Acura","TLX AWD",3.5,6,"Auto(S9)",21,31,9,"A"
"Honda","Acura","TLX FWD",2.4,4,"Auto(AM-S8)",24,35,8,"F"
"Honda","Acura","TLX FWD",3.5,6,"Auto(S9)",21,34,9,"F"
"Volkswagen Group of","Audi","A4",2,4,"Auto(AM-S7)",25,33,7,"F"
"Volkswagen Group of","Audi","A4 quattro",2,4,"Auto(AM-S7)",24,31,7,"A"
"Volkswagen Group of","Audi","A4 quattro",2,4,"Manual(M6)",24,33,6,"A"
"Volkswagen Group of","Audi","A4 Ultra",2,4,"Auto(AM-S7)",27,37,7,"F"
"Volkswagen Group of","Audi","Q3",2,4,"Auto(S6)",20,28,6,"F"
"Volkswagen Group of","Audi","Q3 quattro",2,4,"Auto(S6)",20,28,6,"A"
"Volkswagen Group of","Bentley","Continental GT",4,8,"Auto(S8)",15,25,8,"A"
"Volkswagen Group of","Bentley","Continental GT",6,12,"Auto(S8)",12,21,8,"A"
"BMW","BMW","320i",2,4,"Auto(S8)",23,35,8,"R"
"BMW","BMW","320i",2,4,"Manual(M6)",23,35,6,"R"
"BMW","BMW","320i xDrive",2,4,"Auto(S8)",23,34,8,"A"
"BMW","BMW","328d",2,4,"Auto(S8)",31,43,8,"R"
"BMW","BMW","328d xDrive",2,4,"Auto(S8)",30,40,8,"A"
"BMW","BMW","330i",2,4,"Auto(S8)",23,34,8,"R"
"BMW","BMW","330i",2,4,"Manual(M6)",21,32,6,"R"
"BMW","BMW","330i xDrive",2,4,"Auto(S8)",23,33,8,"A"
"BMW","BMW","340i",3,6,"Auto(S8)",21,32,8,"R"
"BMW","BMW","340i",3,6,"Manual(M6)",19,29,6,"R"
"BMW","BMW","340i xDrive",3,6,"Auto(S8)",21,31,8,"A"
"BMW","BMW","340i xDrive",3,6,"Manual(M6)",19,29,6,"A"
"BMW","BMW","430i Coupe",2,4,"Auto(S8)",23,34,8,"R"
"BMW","BMW","430i Coupe",2,4,"Manual(M6)",21,33,6,"R"
"BMW","BMW","430i Gran Coupe",2,4,"Auto(S8)",23,34,8,"R"
"BMW","BMW","430i xDrive Coupe",2,4,"Auto(S8)",23,33,8,"A"
"BMW","BMW","430i xDrive Gran Coupe",2,4,"Auto(S8)",23,33,8,"A"
"BMW","BMW","440i Coupe",3,6,"Auto(S8)",21,32,8,"R"
"BMW","BMW","440i Coupe",3,6,"Manual(M6)",19,29,6,"R"
"BMW","BMW","440i Gran Coupe",3,6,"Auto(S8)",21,32,8,"R"
"BMW","BMW","440i xDrive Coupe",3,6,"Auto(S8)",21,31,8,"A"
"BMW","BMW","440i xDrive Coupe",3,6,"Manual(M6)",19,29,6,"A"
"BMW","BMW","440i xDrive Gran Coupe",3,6,"Auto(S8)",21,31,8,"A"
"BMW","BMW","640i Gran Coupe",3,6,"Auto(S8)",20,29,8,"R"
"BMW","BMW","640i xDrive Gran Coupe",3,6,"Auto(S8)",19,28,8,"A"
"BMW","BMW","650i Gran Coupe",4.4,8,"Auto(S8)",17,24,8,"R"
"BMW","BMW","650i xDrive Gran Coupe",4.4,8,"Auto(S8)",15,24,8,"A"
"BMW","BMW","Alpina B6 xDrive Gran Coupe",4.4,8,"Auto(S8)",15,24,8,"A"
"BMW","BMW","M3",3,6,"Auto(AM-S7)",17,24,7,"R"
"BMW","BMW","M3",3,6,"Manual(M6)",17,26,6,"R"
"BMW","BMW","M4 Coupe",3,6,"Auto(AM-S7)",17,24,7,"R"
"BMW","BMW","M4 Coupe",3,6,"Manual(M6)",17,26,6,"R"
"BMW","BMW","M6 Gran Coupe",4.4,8,"Auto(AM-S7)",14,20,7,"R"
"BMW","BMW","M6 Gran Coupe",4.4,8,"Manual(M6)",15,22,6,"R"
"General Motors","Buick","VERANO",2.4,4,"Auto(S6)",21,31,6,"F"
"General Motors","Cadillac","ATS",2,4,"Auto(S8)",22,31,8,"R"
"General Motors","Cadillac","ATS",2,4,"Manual(M6)",20,29,6,"R"
"General Motors","Cadillac","ATS",2.5,4,"Auto(S8)",22,32,8,"R"
"General Motors","Cadillac","ATS",3.6,6,"Auto(S8)",20,30,8,"R"
"General Motors","Cadillac","ATS AWD",2,4,"Auto(S8)",22,30,8,"A"
"General Motors","Cadillac","ATS AWD",3.6,6,"Auto(S8)",19,27,8,"A"
"General Motors","Cadillac","ATS-V",3.6,6,"Auto(S8)",17,25,8,"R"
"General Motors","Cadillac","ATS-V",3.6,6,"Manual(M6)",16,23,6,"R"
"General Motors","Chevrolet","CRUZE",1.4,4,"Auto(S6)",30,40,6,"F"
"General Motors","Chevrolet","CRUZE",1.4,4,"Manual(M6)",28,39,6,"F"
"General Motors","Chevrolet","CRUZE HATCHBACK",1.4,4,"Auto(S6)",29,38,6,"F"
"General Motors","Chevrolet","CRUZE HATCHBACK",1.4,4,"Manual(M6)",28,37,6,"F"
"General Motors","Chevrolet","CRUZE PREMIER",1.4,4,"Auto(S6)",29,39,6,"F"
"General Motors","Chevrolet","CRUZE PREMIER HATCHBACK",1.4,4,"Auto(S6)",28,37,6,"F"
"General Motors","Chevrolet","SONIC",1.4,4,"Auto(S6)",27,36,6,"F"
"General Motors","Chevrolet","SONIC",1.4,4,"Manual(M6)",28,38,6,"F"
"General Motors","Chevrolet","SONIC",1.8,4,"Auto(S6)",24,34,6,"F"
"General Motors","Chevrolet","SONIC",1.8,4,"Manual(M5)",25,33,5,"F"
"Ford Motor Company","Ford","Fiesta ST FWD",1.6,4,"Manual(M6)",26,33,6,"F"
"Ford Motor Company","Ford","FOCUS FWD",1,3,"Auto(S6)",27,38,6,"F"
"Ford Motor Company","Ford","FOCUS FWD",1,3,"Manual(M6)",30,40,6,"F"
"Ford Motor Company","Ford","FOCUS FWD",2,4,"Auto(AM6)",26,38,6,"F"
"Ford Motor Company","Ford","FOCUS FWD",2,4,"Auto(AM-S6)",26,36,6,"F"
"Ford Motor Company","Ford","FOCUS FWD",2,4,"Manual(M5)",25,34,5,"F"
"Ford Motor Company","Ford","Focus FWD FFV",2,4,"Auto(AM6)",26,38,6,"F"
"Ford Motor Company","Ford","Focus FWD FFV",2,4,"Auto(AM-S6)",26,36,6,"F"
"Ford Motor Company","Ford","Focus FWD FFV",2,4,"Manual(M5)",25,34,5,"F"
"Honda","Honda","CIVIC 2Dr",1.5,4,"Auto(AV)",31,40,1,"F"
"Honda","Honda","CIVIC 2Dr",1.5,4,"Manual(M6)",30,41,6,"F"
"Honda","Honda","CIVIC 2Dr",2,4,"Auto(AV)",30,39,1,"F"
"Honda","Honda","CIVIC 2Dr",2,4,"Manual(M6)",28,39,6,"F"
"Hyundai","HYUNDAI MOTOR COMPANY","Accent",1.6,4,"Auto(S6)",26,36,6,"F"
"Hyundai","HYUNDAI MOTOR COMPANY","Accent",1.6,4,"Manual(M6)",27,37,6,"F"
"Hyundai","HYUNDAI MOTOR COMPANY","Veloster",1.6,4,"Auto(AM6)",28,35,6,"F"
"Hyundai","HYUNDAI MOTOR COMPANY","Veloster",1.6,4,"Auto(AM7)",26,32,7,"F"
"Hyundai","HYUNDAI MOTOR COMPANY","Veloster",1.6,4,"Manual(M6)",27,34,6,"F"
"Hyundai","HYUNDAI MOTOR COMPANY","Veloster",1.6,4,"Manual(M6)",25,33,6,"F"
"Nissan","INFINITI","Q50 HYBRID",3.5,6,"Auto(S7)",27,32,7,"R"
"Nissan","INFINITI","Q50 HYBRID AWD",3.5,6,"Auto(S7)",26,30,7,"A"
"Nissan","INFINITI","QX30",2,4,"Auto(AM7)",24,33,7,"F"
"Nissan","INFINITI","QX30 AWD",2,4,"Auto(AM7)",21,30,7,"A"
"Jaguar Land Rover L","Jaguar","XE",2,4,"Auto(S8)",32,42,8,"R"
"Jaguar Land Rover L","Jaguar","XE",2,4,"Auto(S8)",21,30,8,"R"
"Jaguar Land Rover L","Jaguar","XE",3,6,"Auto(S8)",21,30,8,"R"
"Jaguar Land Rover L","Jaguar","XE AWD",2,4,"Auto(S8)",30,40,8,"A"
"Jaguar Land Rover L","Jaguar","XE AWD",3,6,"Auto(S8)",20,29,8,"A"
"Kia","KIA MOTORS CORPORATION","Forte Koup",1.6,4,"Auto(AM7)",25,32,7,"F"
"Kia","KIA MOTORS CORPORATION","Forte Koup",1.6,4,"Manual(M6)",23,30,6,"F"
"Kia","KIA MOTORS CORPORATION","Forte Koup",2,4,"Auto(S6)",25,33,6,"F"
"Kia","KIA MOTORS CORPORATION","Rio",1.6,4,"Auto(S6)",27,36,6,"F"
"Kia","KIA MOTORS CORPORATION","Rio",1.6,4,"Manual(M6)",27,36,6,"F"
"Kia","KIA MOTORS CORPORATION","Rio ECO",1.6,4,"Auto(S6)",27,36,6,"F"
"Toyota","LEXUS","CT 200h",1.8,4,"Auto(AV)",43,40,1,"F"
"Toyota","LEXUS","GS F",5,8,"Auto(S8)",16,24,8,"R"
"Toyota","LEXUS","IS 200t",2,4,"Auto(S8)",22,32,8,"R"
"Toyota","LEXUS","IS 300 AWD",3.5,6,"Auto(S6)",19,26,6,"A"
"Toyota","LEXUS","IS 350",3.5,6,"Auto(S8)",19,28,8,"R"
"Toyota","LEXUS","IS 350 AWD",3.5,6,"Auto(S6)",19,26,6,"A"
"MAZDA","MAZDA","CX-3 2WD",2,4,"Auto(S6)",29,34,6,"F"
"MAZDA","MAZDA","CX-3 4WD",2,4,"Auto(S6)",27,32,6,"4"
"MAZDA","MAZDA","MAZDA2",1.5,4,"Auto(S6)",32,40,6,"F"
"MAZDA","MAZDA","MAZDA2",1.5,4,"Manual(M6)",30,39,6,"F"
"MAZDA","MAZDA","MAZDA3 4-Door",2,4,"Auto(S6)",28,37,6,"F"
"MAZDA","MAZDA","MAZDA3 4-Door",2,4,"Manual(M6)",27,37,6,"F"
"MAZDA","MAZDA","MAZDA3 4-Door",2.5,4,"Auto(S6)",28,37,6,"F"
"MAZDA","MAZDA","MAZDA3 4-Door",2.5,4,"Auto(S6)",27,36,6,"F"
"MAZDA","MAZDA","MAZDA3 4-Door",2.5,4,"Manual(M6)",25,34,6,"F"
"Mercedes-Benz","Mercedes-Benz","AMG C 43 4MATIC",3,6,"Auto(A9)",20,28,9,"4"
"Mercedes-Benz","Mercedes-Benz","AMG C 63",4,8,"Auto(A7)",18,25,7,"R"
"Mercedes-Benz","Mercedes-Benz","AMG C 63 S",4,8,"Auto(A7)",18,24,7,"R"
"Mercedes-Benz","Mercedes-Benz","AMG CLA 45 4MATIC",2,4,"Auto(AM7)",23,30,7,"4"
"Mercedes-Benz","Mercedes-Benz","AMG CLS 63 S 4MATIC",5.5,8,"Auto(A7)",16,22,7,"4"
"Mercedes-Benz","Mercedes-Benz","AMG S 63 4MATIC (coupe)",5.5,8,"Auto(A7)",15,23,7,"4"
"Mercedes-Benz","Mercedes-Benz","C 300",2,4,"Auto(A7)",24,34,7,"R"
"Mercedes-Benz","Mercedes-Benz","C 300 4MATIC",2,4,"Auto(A7)",24,31,7,"4"
"Mercedes-Benz","Mercedes-Benz","CLA 250",2,4,"Auto(AM7)",24,36,7,"F"
"Mercedes-Benz","Mercedes-Benz","CLA 250 4MATIC",2,4,"Auto(AM7)",23,32,7,"4"
"Mercedes-Benz","Mercedes-Benz","CLA 250 4MATIC",2,4,"Auto(AM7)",23,32,7,"4"
"Mercedes-Benz","Mercedes-Benz","CLS 550",4.7,8,"Auto(A9)",18,26,9,"R"
"Mercedes-Benz","Mercedes-Benz","CLS 550 4MATIC",4.7,8,"Auto(A9)",17,25,9,"4"
"Mercedes-Benz","Mercedes-Benz","S 550 4MATIC (coupe)",4.7,8,"Auto(A9)",17,25,9,"4"
"Mercedes-Benz","Mercedes-Benz","S 65 AMG (coupe)",6,12,"Auto(A7)",13,21,7,"R"
"Mitsubishi Motors Co","Mitsubishi Motors Corporation","LANCER",2,4,"Auto(AV-S6)",27,34,6,"F"
"Mitsubishi Motors Co","Mitsubishi Motors Corporation","LANCER",2,4,"Manual(M5)",24,33,5,"F"
"Mitsubishi Motors Co","Mitsubishi Motors Corporation","LANCER 4WD",2.4,4,"Auto(AV-S6)",23,30,6,"A"
"Mitsubishi Motors Co","Mitsubishi Motors Corporation","MIRAGE",1.2,3,"Auto(AV)",37,43,1,"F"
"Mitsubishi Motors Co","Mitsubishi Motors Corporation","MIRAGE",1.2,3,"Manual(M5)",33,41,5,"F"
"Mitsubishi Motors Co","Mitsubishi Motors Corporation","MIRAGE G4",1.2,3,"Auto(AV)",35,42,1,"F"
"Mitsubishi Motors Co","Mitsubishi Motors Corporation","MIRAGE G4",1.2,3,"Manual(M5)",33,40,5,"F"
"Nissan","NISSAN","VERSA",1.6,4,"Auto(A4)",26,35,4,"F"
"Nissan","NISSAN","VERSA",1.6,4,"Auto(AV)",31,39,1,"F"
"Nissan","NISSAN","VERSA",1.6,4,"Manual(M5)",27,36,5,"F"
"Rolls-Royce","Rolls-Royce Motor Cars Limited","Dawn",6.6,12,"Auto(S8)",12,19,8,"R"
"Rolls-Royce","Rolls-Royce Motor Cars Limited","Phantom Coupe",6.7,12,"Auto(S8)",11,19,8,"R"
"Rolls-Royce","Rolls-Royce Motor Cars Limited","Phantom Drophead Coupe",6.7,12,"Auto(S8)",11,19,8,"R"
"Subaru","Subaru","WRX",2,4,"Auto(AV-S8)",18,24,8,"A"
"Subaru","Subaru","WRX",2,4,"Manual(M6)",20,27,6,"A"
"Subaru","Subaru","WRX",2.5,4,"Manual(M6)",17,23,6,"A"
"Toyota","TOYOTA","PRIUS c",1.5,4,"Auto(AV)",48,43,1,"F"
"Toyota","TOYOTA","YARIS",1.5,4,"Auto(A4)",30,35,4,"F"
"Toyota","TOYOTA","YARIS",1.5,4,"Manual(M5)",30,36,5,"F"
"Volkswagen Group of","Volkswagen","Beetle",1.8,4,"Auto(S6)",24,33,6,"F"
"Volkswagen Group of","Volkswagen","Beetle",2,4,"Auto(AM-S6)",23,29,6,"F"
"Volkswagen Group of","Volkswagen","Beetle Dune",1.8,4,"Auto(S6)",24,31,6,"F"
"Volkswagen Group of","Volkswagen","CC",2,4,"Auto(AM-S6)",22,31,6,"F"
"Volkswagen Group of","Volkswagen","CC 4Motion",3.6,6,"Auto(S6)",17,25,6,"A"
"Volkswagen Group of","Volkswagen","Golf",1.8,4,"Auto(S6)",25,35,6,"F"
"Volkswagen Group of","Volkswagen","Golf",1.8,4,"Manual(M5)",25,36,5,"F"
"Volkswagen Group of","Volkswagen","Golf R",2,4,"Auto(AM-S6)",23,30,6,"A"
"Volkswagen Group of","Volkswagen","Golf R",2,4,"Manual(M6)",22,31,6,"A"
"Volkswagen Group of","Volkswagen","GTI",2,4,"Auto(AM-S6)",24,32,6,"F"
"Volkswagen Group of","Volkswagen","GTI",2,4,"Manual(M6)",24,34,6,"F"
"Volkswagen Group of","Volkswagen","Jetta",1.4,4,"Auto(S6)",28,38,6,"F"
"Volkswagen Group of","Volkswagen","Jetta",1.4,4,"Manual(M5)",28,40,5,"F"
"Volkswagen Group of","Volkswagen","Jetta",1.8,4,"Auto(S6)",25,35,6,"F"
"Volkswagen Group of","Volkswagen","Jetta",2,4,"Auto(AM-S6)",24,33,6,"F"
"Volkswagen Group of","Volkswagen","Jetta",2,4,"Manual(M6)",23,33,6,"F"
"Volvo","Volvo Cars of North America, LLC","S60 AWD",2,4,"Auto(S8)",23,31,8,"A"
"Volvo","Volvo Cars of North America, LLC","S60 AWD",2,4,"Auto(S8)",22,32,8,"A"
"Volvo","Volvo Cars of North America, LLC","S60 CC AWD",2,4,"Auto(S8)",22,30,8,"A"
"Volvo","Volvo Cars of North America, LLC","S60 FWD",2,4,"Auto(S8)",25,36,8,"F"
"Volvo","Volvo Cars of North America, LLC","S60 Inscription AWD",2,4,"Auto(S8)",23,31,8,"A"
"Volvo","Volvo Cars of North America, LLC","S60 Inscription FWD",2,4,"Auto(S8)",25,36,8,"F"
"Volvo","Volvo Cars of North America, LLC","S60 Polestar AWD",2,4,"Auto(S8)",20,27,8,"A"
"Honda","Acura","RLX",3.5,6,"Auto(AM-S7)",29,30,7,"A"
"Honda","Acura","RLX",3.5,6,"Auto(S6)",20,30,6,"F"
"FCA US LLC","ALFA ROMEO","Giulia",2.9,6,"Auto(A8)",17,24,8,"R"
"Volkswagen Group of","Audi","A6",2,4,"Auto(AM-S7)",24,34,7,"F"
"Volkswagen Group of","Audi","A6 quattro",2,4,"Auto(S8)",22,31,8,"A"
"Volkswagen Group of","Audi","A6 quattro",3,6,"Auto(S8)",21,29,8,"A"
"Volkswagen Group of","Audi","A7 quattro",3,6,"Auto(S8)",21,29,8,"A"
"Volkswagen Group of","Audi","RS7",4,8,"Auto(S8)",15,25,8,"A"
"Volkswagen Group of","Audi","S6",4,8,"Auto(AM-S7)",18,27,7,"A"
"Volkswagen Group of","Audi","S7",4,8,"Auto(AM-S7)",17,27,7,"A"
"Volkswagen Group of","Audi","S8",4,8,"Auto(S8)",15,24,8,"A"
"Volkswagen Group of","Bentley","Flying Spur",4,8,"Auto(S8)",14,24,8,"A"
"Volkswagen Group of","Bentley","Flying Spur",6,12,"Auto(S8)",12,20,8,"A"
"Volkswagen Group of","Bentley","Mulsanne",6.8,8,"Auto(S8)",11,18,8,"R"
"Volkswagen Group of","Bentley","Mulsanne EWB",6.8,8,"Auto(S8)",11,17,8,"R"
"General Motors","Buick","LACROSSE",3.6,6,"Auto(S8)",21,31,8,"F"
"General Motors","Buick","LACROSSE AWD",3.6,6,"Auto(S8)",20,29,8,"A"
"General Motors","Buick","REGAL",2,4,"Auto(S6)",21,29,6,"F"
"General Motors","Buick","REGAL",2.4,4,"Auto(S6)",19,30,6,"F"
"General Motors","Buick","REGAL AWD",2,4,"Auto(S6)",19,27,6,"A"
"General Motors","Cadillac","CTS",2,4,"Auto(S8)",22,30,8,"R"
"General Motors","Cadillac","CTS",3.6,6,"Auto(S8)",20,30,8,"R"
"General Motors","Cadillac","CTS",3.6,6,"Auto(S8)",16,24,8,"R"
"General Motors","Cadillac","CTS AWD",2,4,"Auto(S8)",21,29,8,"A"
"General Motors","Cadillac","CTS AWD",3.6,6,"Auto(S8)",19,27,8,"A"
"General Motors","Cadillac","CTS-V",6.2,8,"Auto(S8)",14,21,8,"R"
"General Motors","Chevrolet","MALIBU",1.5,4,"Auto(A6)",27,36,6,"F"
"General Motors","Chevrolet","MALIBU",1.8,4,"Auto(AV)",49,43,1,"F"
"General Motors","Chevrolet","MALIBU",2,4,"Auto(A9)",22,33,9,"F"
"FCA US LLC","Chrysler","200",2.4,4,"Auto(A9)",23,36,9,"F"
"FCA US LLC","Chrysler","200",2.4,4,"Auto(A9)",23,36,9,"F"
"FCA US LLC","Chrysler","200",3.6,6,"Auto(A9)",19,31,9,"F"
"FCA US LLC","Chrysler","200 AWD",3.6,6,"Auto(A9)",18,28,9,"A"
"FCA US LLC","Dodge","Challenger",3.6,6,"Auto(A8)",19,30,8,"R"
"FCA US LLC","Dodge","Challenger",5.7,8,"Auto(A8)",16,25,8,"R"
"FCA US LLC","Dodge","Challenger",5.7,8,"Manual(M6)",15,23,6,"R"
"FCA US LLC","Dodge","Challenger",6.4,8,"Auto(A8)",15,25,8,"R"
"FCA US LLC","Dodge","Challenger",6.4,8,"Manual(M6)",14,23,6,"R"
"FCA US LLC","Dodge","Challenger SRT",6.2,8,"Auto(A8)",13,22,8,"R"
"FCA US LLC","Dodge","Challenger SRT",6.2,8,"Manual(M6)",13,21,6,"R"
"FCA US LLC","Dodge","Challenger SRT",6.4,8,"Auto(A8)",15,25,8,"R"
"FCA US LLC","Dodge","Challenger SRT",6.4,8,"Manual(M6)",14,23,6,"R"
"Ford Motor Company","Ford","FOCUS RS AWD",2.3,4,"Manual(M6)",19,25,6,"A"
"Ford Motor Company","Ford","Focus ST FWD",2,4,"Manual(M6)",22,30,6,"F"
"Ford Motor Company","Ford","FUSION AWD",2,4,"Auto(S6)",20,29,6,"A"
"Ford Motor Company","Ford","FUSION AWD",2.7,6,"Auto(S6)",17,26,6,"A"
"Ford Motor Company","Ford","FUSION FWD",1.5,4,"Auto(S6)",23,34,6,"F"
"Ford Motor Company","Ford","FUSION FWD",2,4,"Auto(S6)",21,31,6,"F"
"Ford Motor Company","Ford","FUSION FWD",2.5,4,"Auto(A6)",21,32,6,"F"
"Ford Motor Company","Ford","FUSION HYBRID FWD",2,4,"Auto(AV)",43,41,1,"F"
"Honda","Honda","ACCORD",2,4,"Auto(AV)",49,47,1,"F"
"Honda","Honda","ACCORD",2.4,4,"Auto(AV)",27,36,1,"F"
"Honda","Honda","ACCORD",2.4,4,"Auto(AV-S7)",26,34,7,"F"
"Honda","Honda","ACCORD",2.4,4,"Manual(M6)",23,32,6,"F"
"Honda","Honda","ACCORD",3.5,6,"Auto(A6)",21,33,6,"F"
"Honda","Honda","ACCORD",3.5,6,"Auto(S6)",21,32,6,"F"
"Honda","Honda","ACCORD",3.5,6,"Manual(M6)",18,28,6,"F"
"Honda","Honda","CIVIC 4Dr",1.5,4,"Auto(AV)",32,42,1,"F"
"Honda","Honda","CIVIC 4Dr",1.5,4,"Manual(M6)",31,42,6,"F"
"Honda","Honda","CIVIC 4Dr",2,4,"Auto(AV)",31,40,1,"F"
"Honda","Honda","CIVIC 4Dr",2,4,"Manual(M6)",28,40,6,"F"
"Hyundai","HYUNDAI MOTOR COMPANY","Elantra",1.4,4,"Auto(AM7)",32,40,7,"F"
"Hyundai","HYUNDAI MOTOR COMPANY","Elantra",1.6,4,"Auto(AM7)",26,33,7,"F"
"Hyundai","HYUNDAI MOTOR COMPANY","Elantra",1.6,4,"Manual(M6)",22,30,6,"F"
"Hyundai","HYUNDAI MOTOR COMPANY","Elantra",2,4,"Auto(S6)",28,37,6,"F"
"Hyundai","HYUNDAI MOTOR COMPANY","Elantra",2,4,"Manual(M6)",26,36,6,"F"
"Hyundai","HYUNDAI MOTOR COMPANY","Elantra GT",2,4,"Auto(S6)",24,32,6,"F"
"Hyundai","HYUNDAI MOTOR COMPANY","Elantra GT",2,4,"Manual(M6)",24,32,6,"F"
"Hyundai","HYUNDAI MOTOR COMPANY","Elantra SE",2,4,"Auto(S6)",29,38,6,"F"
"Hyundai","HYUNDAI MOTOR COMPANY","Sonata HYBRID",2,4,"Auto(AM6)",38,43,6,"F"
"Hyundai","HYUNDAI MOTOR COMPANY","Sonata HYBRID SE",2,4,"Auto(AM6)",39,45,6,"F"
"Nissan","INFINITI","Q50",2,4,"Auto(S7)",23,31,7,"R"
"Nissan","INFINITI","Q50",3,6,"Auto(S7)",20,29,7,"R"
"Nissan","INFINITI","Q50 AWD",2,4,"Auto(S7)",22,28,7,"A"
"Nissan","INFINITI","Q50 AWD",3,6,"Auto(S7)",19,27,7,"A"
"Nissan","INFINITI","Q50S  RED SPORT",3,6,"Auto(S7)",20,26,7,"R"
"Nissan","INFINITI","Q50S AWD RED SPORT",3,6,"Auto(S7)",19,26,7,"A"
"Nissan","INFINITI","Q70",3.7,6,"Auto(S7)",18,25,7,"R"
"Nissan","INFINITI","Q70",5.6,8,"Auto(S7)",16,24,7,"R"
"Nissan","INFINITI","Q70 AWD",3.7,6,"Auto(S7)",18,24,7,"A"
"Nissan","INFINITI","Q70 AWD",5.6,8,"Auto(S7)",16,23,7,"A"
"Nissan","INFINITI","Q70 HYBRID",3.5,6,"Auto(S7)",28,33,7,"R"
"Jaguar Land Rover L","Jaguar","XF",2,4,"Auto(S8)",31,42,8,"R"
"Jaguar Land Rover L","Jaguar","XF",3,6,"Auto(S8)",20,29,8,"R"
"Jaguar Land Rover L","Jaguar","XF AWD",2,4,"Auto(S8)",30,40,8,"A"
"Jaguar Land Rover L","Jaguar","XF AWD",3,6,"Auto(S8)",20,28,8,"A"
"Kia","KIA MOTORS CORPORATION","Forte",2,4,"Auto(S6)",29,38,6,"F"
"Kia","KIA MOTORS CORPORATION","Forte",2,4,"Auto(S6)",25,33,6,"F"
"Kia","KIA MOTORS CORPORATION","Forte",2,4,"Manual(M6)",25,34,6,"F"
"Kia","KIA MOTORS CORPORATION","Optima Hybrid",2,4,"Auto(AM6)",39,46,6,"F"
"Toyota","LEXUS","ES 300h",2.5,4,"Auto(AV-S6)",40,39,6,"F"
"Toyota","LEXUS","ES 350",3.5,6,"Auto(S6)",21,30,6,"F"
"Toyota","LEXUS","GS 200t",2,4,"Auto(S8)",22,32,8,"R"
"Toyota","LEXUS","GS 200t F SPORT",2,4,"Auto(S8)",21,30,8,"R"
"Toyota","LEXUS","GS 350",3.5,6,"Auto(S8)",20,28,8,"R"
"Toyota","LEXUS","GS 350 AWD",3.5,6,"Auto(S6)",19,26,6,"A"
"Toyota","LEXUS","GS 350 F SPORT",3.5,6,"Auto(S8)",19,27,8,"R"
"Toyota","LEXUS","GS 450h",3.5,6,"Auto(AV-S8)",29,34,8,"R"
"Toyota","LEXUS","LS 460",4.6,8,"Auto(S8)",16,24,8,"R"
"Toyota","LEXUS","LS 460 AWD",4.6,8,"Auto(S8)",16,23,8,"A"
"Toyota","LEXUS","LS 460 L",4.6,8,"Auto(S8)",16,24,8,"R"
"Toyota","LEXUS","LS 460 L AWD",4.6,8,"Auto(S8)",16,23,8,"A"
"Ford Motor Company","Lincoln","MKZ AWD",2,4,"Auto(S6)",20,28,6,"A"
"Ford Motor Company","Lincoln","MKZ AWD",3,6,"Auto(S6)",17,26,6,"A"
"Ford Motor Company","Lincoln","MKZ FWD",2,4,"Auto(S6)",21,31,6,"F"
"Ford Motor Company","Lincoln","MKZ FWD",3,6,"Auto(S6)",18,27,6,"F"
"Ford Motor Company","Lincoln","MKZ HYBRID FWD",2,4,"Auto(AV)",41,38,1,"F"
"Maserati","MASERATI","Ghibli  S RWD",3,6,"Auto(A8)",16,24,8,"R"
"Maserati","MASERATI","Ghibli V6 Rear Wheel Drive (RWD)",3,6,"Auto(A8)",17,24,8,"R"
"Maserati","MASERATI","Ghibli V6 SQ4 AWD",3,6,"Auto(A8)",16,24,8,"A"
"MAZDA","MAZDA","MAZDA3 5-Door",2,4,"Auto(S6)",28,37,6,"F"
"MAZDA","MAZDA","MAZDA3 5-Door",2,4,"Manual(M6)",27,37,6,"F"
"MAZDA","MAZDA","MAZDA3 5-Door",2.5,4,"Auto(S6)",26,35,6,"F"
"MAZDA","MAZDA","MAZDA3 5-Door",2.5,4,"Auto(S6)",27,36,6,"F"
"MAZDA","MAZDA","MAZDA3 5-Door",2.5,4,"Manual(M6)",25,33,6,"F"
"MAZDA","MAZDA","MAZDA6",2.5,4,"Auto(S6)",26,35,6,"F"
"MAZDA","MAZDA","MAZDA6",2.5,4,"Auto(S6)",27,35,6,"F"
"MAZDA","MAZDA","MAZDA6",2.5,4,"Manual(M6)",24,34,6,"F"
"Mercedes-Benz","Mercedes-Benz","AMG E 43 4MATIC",3,6,"Auto(A9)",18,25,9,"4"
"Mercedes-Benz","Mercedes-Benz","E 300",2,4,"Auto(A9)",22,30,9,"R"
"Mercedes-Benz","Mercedes-Benz","E 300 4MATIC",2,4,"Auto(A9)",22,29,9,"4"
"BMW","Mini","JOHN COOPER WORKS CLUBMAN ALL4",2,4,"Auto(S8)",23,31,8,"A"
"BMW","Mini","JOHN COOPER WORKS CLUBMAN ALL4",2,4,"Manual(M6)",21,31,6,"A"
"BMW","Mini","MINI COOPER CLUBMAN",1.5,4,"Auto(S6)",25,33,6,"F"
"BMW","Mini","MINI COOPER CLUBMAN",1.5,4,"Manual(M6)",25,34,6,"F"
"BMW","Mini","MINI COOPER CLUBMAN ALL4",1.5,4,"Auto(S8)",22,29,8,"A"
"BMW","Mini","MINI COOPER CLUBMAN ALL4",1.5,4,"Manual(M6)",22,32,6,"A"
"BMW","Mini","MINI COOPER COUNTRYMAN ALL4",1.5,4,"Manual(M6)",22,32,6,"A"
"BMW","Mini","Mini Cooper S Clubman",2,4,"Auto(S8)",23,33,8,"F"
"BMW","Mini","Mini Cooper S Clubman",2,4,"Manual(M6)",22,31,6,"F"
"BMW","Mini","Mini Cooper S Clubman ALL4",2,4,"Auto(S8)",22,31,8,"A"
"BMW","Mini","Mini Cooper S Clubman ALL4",2,4,"Manual(M6)",21,30,6,"A"
"Nissan","NISSAN","ALTIMA",2.5,4,"Auto(AV)",27,39,1,"F"
"Nissan","NISSAN","ALTIMA",3.5,6,"Auto(AV-S7)",22,32,7,"F"
"Nissan","NISSAN","ALTIMA SR",2.5,4,"Auto(AV-S7)",26,37,7,"F"
"Nissan","NISSAN","MAXIMA",3.5,6,"Auto(AV-S7)",21,30,7,"F"
"Nissan","NISSAN","SENTRA",1.6,4,"Auto(AV-S7)",27,33,7,"F"
"Nissan","NISSAN","SENTRA",1.6,4,"Manual(M6)",26,32,6,"F"
"Nissan","NISSAN","SENTRA",1.8,4,"Auto(AV)",29,37,1,"F"
"Nissan","NISSAN","SENTRA",1.8,4,"Manual(M6)",27,35,6,"F"
"Rolls-Royce","Rolls-Royce Motor Cars Limited","Wraith",6.6,12,"Auto(S8)",12,19,8,"R"
"Subaru","Subaru","IMPREZA 4-Door",2,4,"Auto(AV-S7)",28,38,7,"A"
"Subaru","Subaru","IMPREZA SPORT 4-Door",2,4,"Auto(AV-S7)",27,36,7,"A"
"Subaru","Subaru","LEGACY",2.5,4,"Auto(AV-S6)",25,34,6,"A"
"Subaru","Subaru","LEGACY",3.6,6,"Auto(AV-S6)",20,28,6,"A"
"Toyota","TOYOTA","AVALON",3.5,6,"Auto(S6)",21,30,6,"F"
"Toyota","TOYOTA","AVALON HYBRID",2.5,4,"Auto(AV-S6)",40,39,6,"F"
"Toyota","TOYOTA","CAMRY",2.5,4,"Auto(S6)",24,33,6,"F"
"Toyota","TOYOTA","CAMRY",3.5,6,"Auto(S6)",21,30,6,"F"
"Toyota","TOYOTA","CAMRY HYBRID LE",2.5,4,"Auto(AV)",42,38,1,"F"
"Toyota","TOYOTA","CAMRY HYBRID XLE/SE",2.5,4,"Auto(AV)",40,37,1,"F"
"Toyota","TOYOTA","COROLLA",1.8,4,"Auto(AV)",28,36,1,"F"
"Toyota","TOYOTA","COROLLA",1.8,4,"Auto(AV-S7)",28,35,7,"F"
"Toyota","TOYOTA","COROLLA",1.8,4,"Manual(M6)",27,35,6,"F"
"Toyota","TOYOTA","COROLLA iM",1.8,4,"Auto(AV-S7)",28,36,7,"F"
"Toyota","TOYOTA","COROLLA iM",1.8,4,"Manual(M6)",27,35,6,"F"
"Toyota","TOYOTA","COROLLA LE ECO",1.8,4,"Auto(AV)",29,38,1,"F"
"Toyota","TOYOTA","COROLLA LE ECO",1.8,4,"Auto(AV)",30,40,1,"F"
"Toyota","TOYOTA","PRIUS",1.8,4,"Auto(AV)",54,50,1,"F"
"Toyota","TOYOTA","PRIUS Eco",1.8,4,"Auto(AV)",58,53,1,"F"
"Volkswagen Group of","Volkswagen","Passat",1.8,4,"Auto(S6)",23,34,6,"F"
"Volkswagen Group of","Volkswagen","Passat",3.6,6,"Auto(AM-S6)",20,28,6,"F"
"Volvo","Volvo Cars of North America, LLC","S90 AWD",2,4,"Auto(S8)",22,31,8,"A"
"Volvo","Volvo Cars of North America, LLC","S90 FWD",2,4,"Auto(S8)",23,34,8,"F"
"Volkswagen Group of","Audi","A8L",3,6,"Auto(S8)",19,29,8,"A"
"Volkswagen Group of","Audi","A8L",4,8,"Auto(S8)",18,29,8,"A"
"BMW","BMW","330i xDrive Gran Turismo",2,4,"Auto(S8)",23,33,8,"A"
"BMW","BMW","340i xDrive Gran Turismo",3,6,"Auto(S8)",20,30,8,"A"
"BMW","BMW","535i Gran Turismo",3,6,"Auto(S8)",19,27,8,"R"
"BMW","BMW","535i xDrive Gran Turismo",3,6,"Auto(S8)",18,26,8,"A"
"BMW","BMW","550i xDrive Gran Turismo",4.4,8,"Auto(S8)",15,24,8,"A"
"BMW","BMW","740i",3,6,"Auto(S8)",21,29,8,"R"
"BMW","BMW","740i xDrive",3,6,"Auto(S8)",19,28,8,"A"
"BMW","BMW","750i",4.4,8,"Auto(S8)",17,26,8,"R"
"BMW","BMW","750i xDrive",4.4,8,"Auto(S8)",16,25,8,"A"
"BMW","BMW","Alpina B7 xDrive",4.4,8,"Auto(S8)",16,24,8,"A"
"BMW","BMW","M760i xDrive",6.6,12,"Auto(S8)",13,20,8,"A"
"BMW","BMW","X1 sDrive28i",2,4,"Auto(S8)",23,32,8,"F"
"BMW","BMW","X1 xDrive28i",2,4,"Auto(S8)",22,31,8,"A"
"General Motors","Cadillac","CT6",2,4,"Auto(S8)",22,30,8,"R"
"General Motors","Cadillac","CT6 AWD",3,6,"Auto(S8)",18,26,8,"A"
"General Motors","Cadillac","CT6 AWD",3.6,6,"Auto(S8)",18,27,8,"A"
"General Motors","Cadillac","XTS",3.6,6,"Auto(S6)",18,28,6,"F"
"General Motors","Cadillac","XTS AWD",3.6,6,"Auto(S6)",16,23,6,"A"
"General Motors","Cadillac","XTS AWD",3.6,6,"Auto(S6)",17,26,6,"A"
"General Motors","Chevrolet","IMPALA",2.5,4,"Auto(S6)",22,30,6,"F"
"General Motors","Chevrolet","IMPALA",3.6,6,"Auto(S6)",19,28,6,"F"
"General Motors","Chevrolet","IMPALA",3.6,6,"Auto(S6)",18,28,6,"F"
"General Motors","Chevrolet","SS",6.2,8,"Auto(S6)",14,22,6,"R"
"General Motors","Chevrolet","SS",6.2,8,"Manual(M6)",14,22,6,"R"
"FCA US LLC","Chrysler","300",3.6,6,"Auto(A8)",19,30,8,"R"
"FCA US LLC","Chrysler","300",3.6,6,"Auto(A8)",19,30,8,"R"
"FCA US LLC","Chrysler","300",5.7,8,"Auto(A8)",16,25,8,"R"
"FCA US LLC","Chrysler","300 AWD",3.6,6,"Auto(A8)",18,27,8,"A"
"FCA US LLC","Chrysler","300 AWD",3.6,6,"Auto(A8)",18,27,8,"A"
"FCA US LLC","Dodge","Charger",3.6,6,"Auto(A8)",19,30,8,"R"
"FCA US LLC","Dodge","Charger",3.6,6,"Auto(A8)",19,30,8,"R"
"FCA US LLC","Dodge","Charger",5.7,8,"Auto(A8)",16,25,8,"R"
"FCA US LLC","Dodge","Charger",6.4,8,"Auto(A8)",15,25,8,"R"
"FCA US LLC","Dodge","Charger AWD",3.6,6,"Auto(A8)",18,27,8,"A"
"FCA US LLC","Dodge","Charger AWD",3.6,6,"Auto(A8)",18,27,8,"A"
"FCA US LLC","Dodge","Charger SRT",6.2,8,"Auto(A8)",13,22,8,"R"
"FCA US LLC","Dodge","Charger SRT",6.4,8,"Auto(A8)",15,25,8,"R"
"Ford Motor Company","Ford","C-MAX Hybrid FWD",2,4,"Auto(AV)",42,38,1,"F"
"Ford Motor Company","Ford","TAURUS AWD",3.5,6,"Auto(S6)",17,24,6,"A"
"Ford Motor Company","Ford","TAURUS AWD",3.5,6,"Auto(S6)",16,24,6,"A"
"Ford Motor Company","Ford","TAURUS AWD FFV",3.5,6,"Auto(S6)",17,24,6,"A"
"Ford Motor Company","Ford","TAURUS FWD",2,4,"Auto(S6)",20,29,6,"F"
"Ford Motor Company","Ford","TAURUS FWD",3.5,6,"Auto(S6)",18,27,6,"F"
"Ford Motor Company","Ford","TAURUS FWD FFV",3.5,6,"Auto(S6)",18,27,6,"F"
"Hyundai","GENESIS","G80 AWD",3.8,6,"Auto(S8)",16,25,8,"A"
"Hyundai","GENESIS","G80 RWD",3.8,6,"Auto(S8)",18,28,8,"R"
"Hyundai","GENESIS","G80 RWD",5,8,"Auto(S8)",15,23,8,"R"
"Hyundai","GENESIS","G90 AWD",3.3,6,"Auto(S8)",17,24,8,"A"
"Hyundai","GENESIS","G90 AWD",5,8,"Auto(S8)",15,23,8,"A"
"Hyundai","GENESIS","G90 RWD",3.3,6,"Auto(S8)",17,24,8,"R"
"Hyundai","GENESIS","G90 RWD",5,8,"Auto(S8)",16,24,8,"R"
"Honda","Honda","CIVIC 5Dr",1.5,4,"Auto(AV)",31,40,1,"F"
"Honda","Honda","CIVIC 5Dr",1.5,4,"Manual(M6)",30,39,6,"F"
"Honda","Honda","CIVIC 5Dr Sport",1.5,4,"Auto(AV-S7)",30,36,7,"F"
"Honda","Honda","CIVIC 5Dr Sport",1.5,4,"Manual(M6)",30,39,6,"F"
"Hyundai","HYUNDAI MOTOR COMPANY","Azera",3.3,6,"Auto(S6)",20,28,6,"F"
"Hyundai","HYUNDAI MOTOR COMPANY","Azera Limited",3.3,6,"Auto(S6)",19,28,6,"F"
"Hyundai","HYUNDAI MOTOR COMPANY","Ioniq",1.6,4,"Auto(AM6)",55,54,6,"F"
"Hyundai","HYUNDAI MOTOR COMPANY","Ioniq Blue",1.6,4,"Auto(AM6)",57,59,6,"F"
"Hyundai","HYUNDAI MOTOR COMPANY","Sonata",1.6,4,"Auto(AM7)",28,36,7,"F"
"Hyundai","HYUNDAI MOTOR COMPANY","Sonata",2,4,"Auto(S6)",22,31,6,"F"
"Hyundai","HYUNDAI MOTOR COMPANY","Sonata",2.4,4,"Auto(S6)",25,36,6,"F"
"Hyundai","HYUNDAI MOTOR COMPANY","Sonata Limited",2,4,"Auto(S6)",21,30,6,"F"
"Hyundai","HYUNDAI MOTOR COMPANY","Sonata SPORT/LIMITED",2.4,4,"Auto(S6)",25,35,6,"F"
"Jaguar Land Rover L","Jaguar","XJ",3,6,"Auto(S8)",18,27,8,"R"
"Jaguar Land Rover L","Jaguar","XJ",5,8,"Auto(S8)",15,23,8,"R"
"Jaguar Land Rover L","Jaguar","XJ AWD",3,6,"Auto(S8)",17,26,8,"A"
"Jaguar Land Rover L","Jaguar","XJL",3,6,"Auto(S8)",18,27,8,"R"
"Jaguar Land Rover L","Jaguar","XJL",5,8,"Auto(S8)",15,23,8,"R"
"Jaguar Land Rover L","Jaguar","XJL AWD",3,6,"Auto(S8)",17,25,8,"A"
"Kia","KIA MOTORS CORPORATION","Cadenza",3.3,6,"Auto(S8)",20,28,8,"F"
"Kia","KIA MOTORS CORPORATION","Forte5",1.6,4,"Auto(AM7)",25,30,7,"F"
"Kia","KIA MOTORS CORPORATION","Forte5",1.6,4,"Manual(M6)",23,29,6,"F"
"Kia","KIA MOTORS CORPORATION","Forte5",2,4,"Auto(S6)",25,34,6,"F"
"Kia","KIA MOTORS CORPORATION","K900",3.8,6,"Auto(S8)",17,25,8,"R"
"Kia","KIA MOTORS CORPORATION","K900",5,8,"Auto(S8)",15,23,8,"R"
"Kia","KIA MOTORS CORPORATION","Optima",1.6,4,"Auto(AM7)",28,37,7,"F"
"Kia","KIA MOTORS CORPORATION","Optima",2,4,"Auto(S6)",22,31,6,"F"
"Kia","KIA MOTORS CORPORATION","Optima",2.4,4,"Auto(S6)",24,34,6,"F"
"Kia","KIA MOTORS CORPORATION","Optima FE",2.4,4,"Auto(S6)",25,36,6,"F"
"Ford Motor Company","Lincoln","CONTINENTAL AWD",2.7,6,"Auto(S6)",17,25,6,"A"
"Ford Motor Company","Lincoln","CONTINENTAL AWD",3,6,"Auto(S6)",16,24,6,"A"
"Ford Motor Company","Lincoln","CONTINENTAL AWD",3.7,6,"Auto(S6)",16,24,6,"A"
"Ford Motor Company","Lincoln","CONTINENTAL FWD",2.7,6,"Auto(S6)",18,27,6,"F"
"Ford Motor Company","Lincoln","CONTINENTAL FWD",3.7,6,"Auto(S6)",17,26,6,"F"
"Maserati","MASERATI","QUATTROPORTE GTS",3.8,8,"Auto(A8)",15,22,8,"R"
"Maserati","MASERATI","QUATTROPORTE S",3,6,"Auto(A8)",16,23,8,"R"
"Maserati","MASERATI","QUATTROPORTE SQ4 V6",3,6,"Auto(A8)",16,23,8,"A"
"Mercedes-Benz","Mercedes-Benz","AMG S 63 4MATIC",5.5,8,"Auto(A7)",15,23,7,"4"
"Mercedes-Benz","Mercedes-Benz","AMG S 65",6,12,"Auto(A7)",13,22,7,"R"
"Mercedes-Benz","Mercedes-Benz","Maybach S 600",6,12,"Auto(A7)",13,21,7,"R"
"Mercedes-Benz","Mercedes-Benz","S 550",4.7,8,"Auto(A9)",18,26,9,"R"
"Mercedes-Benz","Mercedes-Benz","S 550 4MATIC",4.7,8,"Auto(A9)",16,25,9,"4"
"Mercedes-Benz","Mercedes-Benz","S 550 4MATIC Maybach",4.7,8,"Auto(A9)",16,24,9,"4"
"Mercedes-Benz","Mercedes-Benz","S 600",6,12,"Auto(A7)",13,22,7,"R"
"Rolls-Royce","Rolls-Royce Motor Cars Limited","Ghost",6.6,12,"Auto(S8)",12,19,8,"R"
"Rolls-Royce","Rolls-Royce Motor Cars Limited","Ghost EWB",6.6,12,"Auto(S8)",12,19,8,"R"
"Rolls-Royce","Rolls-Royce Motor Cars Limited","Phantom",6.7,12,"Auto(S8)",11,19,8,"R"
"Rolls-Royce","Rolls-Royce Motor Cars Limited","Phantom EWB",6.7,12,"Auto(S8)",11,19,8,"R"
"Volkswagen Group of","Audi","A4 allroad quattro",2,4,"Auto(AM-S7)",23,28,7,"A"
"BMW","BMW","328d xDrive Sports Wagon",2,4,"Auto(S8)",30,40,8,"A"
"BMW","BMW","330i xDrive Sports Wagon",2,4,"Auto(S8)",23,33,8,"A"
"General Motors","Chevrolet","SONIC 5",1.4,4,"Auto(S6)",27,36,6,"F"
"General Motors","Chevrolet","SONIC 5",1.4,4,"Manual(M6)",28,38,6,"F"
"General Motors","Chevrolet","SONIC 5",1.8,4,"Auto(S6)",24,34,6,"F"
"General Motors","Chevrolet","SONIC 5",1.8,4,"Manual(M5)",25,33,5,"F"
"FCA US LLC","FIAT","500L",1.4,4,"Auto(A6)",22,30,6,"F"
"Honda","Honda","FIT",1.5,4,"Auto(AV)",33,40,1,"F"
"Honda","Honda","FIT",1.5,4,"Auto(AV-S7)",32,37,7,"F"
"Honda","Honda","FIT",1.5,4,"Manual(M6)",29,36,6,"F"
"Honda","Honda","HR-V AWD",1.8,4,"Auto(AV)",27,31,1,"A"
"Honda","Honda","HR-V AWD",1.8,4,"Auto(AV-S7)",27,31,7,"A"
"Honda","Honda","HR-V FWD",1.8,4,"Auto(AV)",28,34,1,"F"
"Honda","Honda","HR-V FWD",1.8,4,"Auto(AV-S7)",28,34,7,"F"
"Honda","Honda","HR-V FWD",1.8,4,"Manual(M6)",25,33,6,"F"
"Nissan","INFINITI","QX50",3.7,6,"Auto(S7)",17,24,7,"R"
"Nissan","INFINITI","QX50 AWD",3.7,6,"Auto(S7)",17,24,7,"A"
"Kia","KIA MOTORS CORPORATION","Niro",1.6,4,"Auto(AM6)",51,46,6,"F"
"Kia","KIA MOTORS CORPORATION","Niro FE",1.6,4,"Auto(AM6)",52,49,6,"F"
"Kia","KIA MOTORS CORPORATION","Niro Touring",1.6,4,"Auto(AM6)",46,40,6,"F"
"Kia","KIA MOTORS CORPORATION","Soul",1.6,4,"Auto(AM7)",26,31,7,"F"
"Kia","KIA MOTORS CORPORATION","Soul",1.6,4,"Auto(S6)",25,30,6,"F"
"Kia","KIA MOTORS CORPORATION","Soul",1.6,4,"Manual(M6)",24,30,6,"F"
"Kia","KIA MOTORS CORPORATION","Soul",2,4,"Auto(S6)",25,30,6,"F"
"Nissan","NISSAN","JUKE",1.6,4,"Auto(AV-S7)",28,32,7,"F"
"Nissan","NISSAN","JUKE",1.6,4,"Manual(M6)",27,33,6,"F"
"Nissan","NISSAN","JUKE AWD",1.6,4,"Auto(AV-S7)",26,30,7,"A"
"Nissan","NISSAN","JUKE NISMO RS",1.6,4,"Manual(M6)",26,31,6,"F"
"Nissan","NISSAN","JUKE NISMO RS AWD",1.6,4,"Auto(AV-S8)",25,29,8,"A"
"Subaru","Subaru","IMPREZA 5-Door",2,4,"Auto(AV-S7)",28,37,7,"A"
"Subaru","Subaru","IMPREZA SPORT 5-Door",2,4,"Auto(AV-S7)",27,35,7,"A"
"Volkswagen Group of","Volkswagen","Golf Alltrack",1.8,4,"Auto(AM-S6)",22,30,6,"A"
"Volkswagen Group of","Volkswagen","Golf SportWagen",1.8,4,"Auto(S6)",25,34,6,"F"
"Volkswagen Group of","Volkswagen","Golf SportWagen",1.8,4,"Manual(M5)",25,35,5,"F"
"Volkswagen Group of","Volkswagen","Golf SportWagen 4Motion",1.8,4,"Auto(AM-S6)",22,30,6,"A"
"Volvo","Volvo Cars of North America, LLC","V60 AWD",2,4,"Auto(S8)",23,31,8,"A"
"Volvo","Volvo Cars of North America, LLC","V60 AWD",2,4,"Auto(S8)",22,32,8,"A"
"Volvo","Volvo Cars of North America, LLC","V60 CC AWD",2,4,"Auto(S8)",22,30,8,"A"
"Volvo","Volvo Cars of North America, LLC","V60 FWD",2,4,"Auto(S8)",25,36,8,"F"
"Volvo","Volvo Cars of North America, LLC","V60 Polestar AWD",2,4,"Auto(S8)",20,27,8,"A"
"Mercedes-Benz","Mercedes-Benz","AMG GLA 45 4MATIC",2,4,"Auto(AM7)",22,28,7,"4"
"Mercedes-Benz","Mercedes-Benz","GLA 250",2,4,"Auto(AM7)",24,33,7,"F"
"Nissan","NISSAN","MURANO AWD",3.5,6,"Auto(AV-S7)",21,28,7,"A"
"Nissan","NISSAN","MURANO FWD",3.5,6,"Auto(AV-S7)",21,28,7,"F"
"Toyota","TOYOTA","PRIUS v",1.8,4,"Auto(AV)",43,39,1,"F"
"Volvo","Volvo Cars of North America, LLC","V90 CC AWD",2,4,"Auto(S8)",22,30,8,"A"
"General Motors","Chevrolet","COLORADO 2WD",2.5,4,"Auto(A6)",20,26,6,"R"
"General Motors","Chevrolet","COLORADO 2WD",2.5,4,"Manual(M6)",19,26,6,"R"
"General Motors","Chevrolet","COLORADO 2WD",2.8,4,"Auto(A6)",22,30,6,"R"
"General Motors","Chevrolet","COLORADO 2WD",3.6,6,"Auto(A8)",18,25,8,"R"
"General Motors","GMC","CANYON 2WD",2.5,4,"Auto(A6)",20,26,6,"R"
"General Motors","GMC","CANYON 2WD",2.5,4,"Manual(M6)",19,26,6,"R"
"General Motors","GMC","CANYON 2WD",2.8,4,"Auto(A6)",22,30,6,"R"
"General Motors","GMC","CANYON 2WD",3.6,6,"Auto(A8)",18,25,8,"R"
"Honda","Honda","RIDGELINE FWD",3.5,6,"Auto(A6)",19,26,6,"F"
"Nissan","NISSAN","FRONTIER 2WD",2.5,4,"Auto(A5)",17,22,5,"R"
"Nissan","NISSAN","FRONTIER 2WD",2.5,4,"Manual(M5)",19,23,5,"R"
"Nissan","NISSAN","FRONTIER 2WD",4,6,"Auto(A5)",16,23,5,"R"
"Nissan","NISSAN","FRONTIER 2WD",4,6,"Manual(M6)",16,22,6,"R"
"Nissan","NISSAN","FRONTIER 2WD FFV",4,6,"Auto(A5)",16,22,5,"R"
"Toyota","TOYOTA","TACOMA 2WD",2.7,4,"Auto(S6)",19,23,6,"R"
"Toyota","TOYOTA","TACOMA 2WD",3.5,6,"Auto(S6)",19,24,6,"R"
"General Motors","Chevrolet","COLORADO 4WD",2.5,4,"Auto(A6)",19,24,6,"4"
"General Motors","Chevrolet","COLORADO 4WD",2.8,4,"Auto(A6)",20,28,6,"4"
"General Motors","Chevrolet","COLORADO 4WD",3.6,6,"Auto(A8)",17,24,8,"4"
"General Motors","GMC","CANYON 4WD",2.5,4,"Auto(A6)",19,24,6,"4"
"General Motors","GMC","CANYON 4WD",2.8,4,"Auto(A6)",20,28,6,"4"
"General Motors","GMC","CANYON 4WD",3.6,6,"Auto(A8)",17,24,8,"4"
"Nissan","NISSAN","FRONTIER 4WD",4,6,"Auto(A5)",15,21,5,"P"
"Nissan","NISSAN","FRONTIER 4WD",4,6,"Manual(M6)",16,21,6,"P"
"Nissan","NISSAN","FRONTIER 4WD FFV",4,6,"Auto(A5)",15,21,5,"P"
"Toyota","TOYOTA","TACOMA 4WD",2.7,4,"Auto(S6)",19,22,6,"P"
"Toyota","TOYOTA","TACOMA 4WD",2.7,4,"Manual(M5)",19,21,5,"P"
"Toyota","TOYOTA","TACOMA 4WD",3.5,6,"Auto(S6)",18,23,6,"P"
"Toyota","TOYOTA","TACOMA 4WD",3.5,6,"Manual(M6)",17,21,6,"P"
"Toyota","TOYOTA","TACOMA 4WD D-CAB V6 MT OFF-ROAD",3.5,6,"Manual(M6)",17,20,6,"P"
"General Motors","Chevrolet","C15 SILVERADO 2WD",4.3,6,"Auto(A6)",18,24,6,"R"
"General Motors","Chevrolet","C15 SILVERADO 2WD",5.3,8,"Auto(A6)",16,23,6,"R"
"General Motors","Chevrolet","C15 SILVERADO 2WD",5.3,8,"Auto(A6)",16,23,6,"R"
"General Motors","Chevrolet","C15 SILVERADO 2WD",5.3,8,"Auto(A8)",16,22,8,"R"
"General Motors","Chevrolet","C15 SILVERADO 2WD",5.3,8,"Auto(A8)",18,24,8,"R"
"General Motors","Chevrolet","C15 SILVERADO 2WD",6.2,8,"Auto(A8)",15,21,8,"R"
"Ford Motor Company","Ford","F150 2.7L 2WD GVWR>6649 LBS",2.7,6,"Auto(S6)",18,24,6,"R"
"Ford Motor Company","Ford","F150 2WD BASE PAYLOAD LT TIRE",2.7,6,"Auto(S6)",19,24,6,"R"
"Ford Motor Company","Ford","F150 2WD BASE PAYLOAD LT TIRE",3.5,6,"Auto(S10)",18,23,10,"R"
"Ford Motor Company","Ford","F150 3.5L 2WD GVWR>7599 LBS",3.5,6,"Auto(S10)",17,22,10,"R"
"Ford Motor Company","Ford","F150 5.0L 2WD FFV GVWR>7599 LBS",5,8,"Auto(S6)",14,20,6,"R"
"Ford Motor Company","Ford","F150 PICKUP 2WD",2.7,6,"Auto(S6)",19,26,6,"R"
"Ford Motor Company","Ford","F150 PICKUP 2WD",3.5,6,"Auto(S10)",18,25,10,"R"
"Ford Motor Company","Ford","F150 PICKUP 2WD FFV",3.5,6,"Auto(A6)",18,24,6,"R"
"Ford Motor Company","Ford","F150 PICKUP 2WD FFV",5,8,"Auto(S6)",15,22,6,"R"
"General Motors","GMC","C15 SIERRA 2WD",4.3,6,"Auto(A6)",18,24,6,"R"
"General Motors","GMC","C15 SIERRA 2WD",5.3,8,"Auto(A6)",16,23,6,"R"
"General Motors","GMC","C15 SIERRA 2WD",5.3,8,"Auto(A6)",16,23,6,"R"
"General Motors","GMC","C15 SIERRA 2WD",5.3,8,"Auto(A8)",16,22,8,"R"
"General Motors","GMC","C15 SIERRA 2WD",5.3,8,"Auto(A8)",18,24,8,"R"
"General Motors","GMC","C15 SIERRA 2WD",6.2,8,"Auto(A8)",15,21,8,"R"
"Nissan","NISSAN","TITAN 2WD",5.6,8,"Auto(S7)",15,21,7,"R"
"FCA US LLC","RAM","1500 4X2",3.6,6,"Auto(A8)",17,25,8,"R"
"FCA US LLC","RAM","1500 4X2",5.7,8,"Auto(A8)",15,22,8,"R"
"Toyota","TOYOTA","TUNDRA 2WD",4.6,8,"Auto(S6)",15,19,6,"R"
"Toyota","TOYOTA","TUNDRA 2WD",5.7,8,"Auto(S6)",13,18,6,"R"
"Toyota","TOYOTA","TUNDRA 2WD FFV",5.7,8,"Auto(S6)",13,18,6,"R"
"General Motors","Chevrolet","K15 SILVERADO 4WD",4.3,6,"Auto(A6)",17,22,6,"4"
"General Motors","Chevrolet","K15 SILVERADO 4WD",5.3,8,"Auto(A6)",16,22,6,"4"
"General Motors","Chevrolet","K15 SILVERADO 4WD",5.3,8,"Auto(A6)",16,22,6,"4"
"General Motors","Chevrolet","K15 SILVERADO 4WD",5.3,8,"Auto(A8)",15,20,8,"4"
"General Motors","Chevrolet","K15 SILVERADO 4WD",5.3,8,"Auto(A8)",16,21,8,"4"
"General Motors","Chevrolet","K15 SILVERADO 4WD",6.2,8,"Auto(A8)",15,20,8,"4"
"Ford Motor Company","Ford","F150 2.7L 4WD GVWR>6649 LBS",2.7,6,"Auto(S6)",18,22,6,"P"
"Ford Motor Company","Ford","F150 3.5L 4WD GVWR>7599 LBS",3.5,6,"Auto(S10)",17,21,10,"P"
"Ford Motor Company","Ford","F150 4WD BASE PAYLOAD LT TIRE",2.7,6,"Auto(S6)",17,21,6,"P"
"Ford Motor Company","Ford","F150 4WD BASE PAYLOAD LT TIRE",3.5,6,"Auto(S10)",17,22,10,"P"
"Ford Motor Company","Ford","F150 4WD FFV BASE PAYLOAD LT TIRE",5,8,"Auto(S6)",15,20,6,"P"
"Ford Motor Company","Ford","F150 5.0L 4WD FFV GVWR>7599 LBS",5,8,"Auto(S6)",14,19,6,"P"
"Ford Motor Company","Ford","F150 PICKUP 4WD",2.7,6,"Auto(S6)",18,23,6,"P"
"Ford Motor Company","Ford","F150 PICKUP 4WD",3.5,6,"Auto(S10)",17,23,10,"P"
"Ford Motor Company","Ford","F150 PICKUP 4WD FFV",3.5,6,"Auto(A6)",17,23,6,"P"
"Ford Motor Company","Ford","F150 PICKUP 4WD FFV",5,8,"Auto(S6)",15,21,6,"P"
"Ford Motor Company","Ford","F150 RAPTOR 4WD",3.5,6,"Auto(S10)",15,18,10,"P"
"General Motors","GMC","K15 SIERRA 4WD",4.3,6,"Auto(A6)",17,22,6,"4"
"General Motors","GMC","K15 SIERRA 4WD",5.3,8,"Auto(A6)",16,22,6,"4"
"General Motors","GMC","K15 SIERRA 4WD",5.3,8,"Auto(A6)",16,22,6,"4"
"General Motors","GMC","K15 SIERRA 4WD",5.3,8,"Auto(A8)",15,20,8,"4"
"General Motors","GMC","K15 SIERRA 4WD",5.3,8,"Auto(A8)",16,21,8,"4"
"General Motors","GMC","K15 SIERRA 4WD",6.2,8,"Auto(A8)",15,20,8,"4"
"Honda","Honda","RIDGELINE AWD",3.5,6,"Auto(A6)",18,25,6,"A"
"Nissan","NISSAN","TITAN 4WD",5.6,8,"Auto(S7)",15,21,7,"P"
"Nissan","NISSAN","TITAN 4WD PRO-4X",5.6,8,"Auto(S7)",15,20,7,"P"
"FCA US LLC","RAM","1500 4X4",3.6,6,"Auto(A8)",16,23,8,"4"
"FCA US LLC","RAM","1500 4X4",5.7,8,"Auto(A6)",13,19,6,"4"
"FCA US LLC","RAM","1500 4X4",5.7,8,"Auto(A8)",15,21,8,"4"
"Toyota","TOYOTA","TUNDRA 4WD",4.6,8,"Auto(S6)",14,18,6,"P"
"Toyota","TOYOTA","TUNDRA 4WD",5.7,8,"Auto(S6)",13,17,6,"P"
"Toyota","TOYOTA","TUNDRA 4WD FFV",5.7,8,"Auto(S6)",13,17,6,"P"
"General Motors","Chevrolet","G2500 EXPRESS 2WD PASS MDPV",6,8,"Auto(A6)",11,16,6,"R"
"General Motors","Chevrolet","G3500 EXPRESS 2WD PASS MDPV",6,8,"Auto(A6)",11,16,6,"R"
"Ford Motor Company","Ford","Transit T150 Wagon",3.5,6,"Auto(S6)",15,19,6,"R"
"Ford Motor Company","Ford","TRANSIT T150 WAGON FFV",3.7,6,"Auto(S6)",14,18,6,"R"
"General Motors","GMC","G2500 SAVANA 2WD PASS MDPV",6,8,"Auto(A6)",11,16,6,"R"
"General Motors","GMC","G3500 SAVANA 2WD PASS MDPV",6,8,"Auto(A6)",11,16,6,"R"
"General Motors","Cadillac","XTS HEARSE",3.6,6,"Auto(S6)",15,21,6,"F"
"General Motors","Cadillac","XTS LIMO",3.6,6,"Auto(S6)",15,21,6,"F"
"Nissan","CHEVROLET","City Express Cargo Van",2,4,"Auto(AV)",24,26,1,"F"
"Ford Motor Company","Ford","Transit Connect Van 2WD",2.5,4,"Auto(S6)",20,27,6,"F"
"Ford Motor Company","Ford","TRANSIT CONNECT VAN FFV",2.5,4,"Auto(S6)",20,27,6,"F"
"Ford Motor Company","Ford","TRANSIT CONNECT WAGON FFV",2.5,4,"Auto(S6)",19,27,6,"F"
"Ford Motor Company","Ford","TRANSIT CONNECT WAGON FWD",2.5,4,"Auto(S6)",19,27,6,"F"
"Ford Motor Company","Ford","TRANSIT CONNECT WAGON LWB FFV",2.5,4,"Auto(S6)",19,27,6,"F"
"Ford Motor Company","Ford","Transit Connect Wagon LWB FWD",2.5,4,"Auto(S6)",19,27,6,"F"
"Mercedes-Benz","Mercedes-Benz","Metris (Cargo Van)",2,4,"Auto(A7)",21,24,7,"R"
"Mercedes-Benz","Mercedes-Benz","Metris (Passenger Van)",2,4,"Auto(A7)",20,23,7,"R"
"Nissan","NISSAN","NV200 Cargo Van",2,4,"Auto(AV)",24,26,1,"F"
"FCA US LLC","RAM","Promaster City",2.4,4,"Auto(A9)",21,28,9,"F"
"Ford Motor Company","Lincoln","MKT LIVERY AWD",3.7,6,"Auto(A6)",16,23,6,"A"
"General Motors","Chevrolet","C15 SILVERADO 2WD CAB CHASSIS",5.3,8,"Auto(A6)",15,20,6,"R"
"General Motors","Chevrolet","COLORADO CAB CHASSIS 2WD",3.6,6,"Auto(A8)",15,17,8,"R"
"General Motors","Chevrolet","K15 SILVERADO 4WD CAB CHASSIS",5.3,8,"Auto(A6)",15,19,6,"4"
"General Motors","GMC","C15 SIERRA 2WD CAB CHASSIS",5.3,8,"Auto(A6)",15,20,6,"R"
"General Motors","GMC","CANYON CAB CHASSIS 2WD",3.6,6,"Auto(A8)",15,17,8,"R"
"General Motors","GMC","K15 SIERRA 4WD CAB CHASSIS",5.3,8,"Auto(A6)",15,19,6,"4"
"FCA US LLC","Chrysler","Pacifica",3.6,6,"Auto(A9)",18,28,9,"F"
"FCA US LLC","Dodge","Grand Caravan",3.6,6,"Auto(A6)",17,25,6,"F"
"FCA US LLC","Dodge","Grand Caravan",3.6,6,"Auto(A6)",17,25,6,"F"
"Honda","Honda","ODYSSEY FWD",3.5,6,"Auto(A6)",19,27,6,"F"
"Kia","KIA MOTORS CORPORATION","Sedona",3.3,6,"Auto(S6)",18,24,6,"F"
"Kia","KIA MOTORS CORPORATION","Sedona SX",3.3,6,"Auto(S6)",18,25,6,"F"
"Kia","KIA MOTORS CORPORATION","Sedona SXL",3.3,6,"Auto(S6)",17,22,6,"F"
"Nissan","NISSAN","QUEST",3.5,6,"Auto(AV)",20,27,1,"F"
"Toyota","TOYOTA","SIENNA",3.5,6,"Auto(S8)",19,27,8,"F"
"Toyota","TOYOTA","SIENNA AWD",3.5,6,"Auto(S8)",18,24,8,"A"
"Honda","Acura","MDX FWD",3.5,6,"Auto(S9)",20,27,9,"F"
"Honda","Acura","MDX FWD",3.5,6,"Auto(S9)",19,27,9,"F"
"Honda","Acura","RDX FWD",3.5,6,"Auto(S6)",20,28,6,"F"
"BMW","BMW","X3 sDrive 28i",2,4,"Auto(S8)",21,28,8,"R"
"General Motors","Buick","ENCORE",1.4,4,"Auto(S6)",27,33,6,"F"
"General Motors","Buick","ENCORE",1.4,4,"Auto(S6)",25,33,6,"F"
"General Motors","Buick","ENVISION FWD",2.5,4,"Auto(A6)",22,29,6,"F"
"General Motors","Cadillac","XT5",3.6,6,"Auto(S8)",19,27,8,"F"
"General Motors","Chevrolet","EQUINOX FWD",2.4,4,"Auto(A6)",21,31,6,"F"
"General Motors","Chevrolet","EQUINOX FWD",2.4,4,"Auto(A6)",21,31,6,"F"
"General Motors","Chevrolet","EQUINOX FWD",3.6,6,"Auto(A6)",17,24,6,"F"
"General Motors","Chevrolet","TRAX",1.4,4,"Auto(S6)",25,33,6,"F"
"FCA US LLC","Dodge","Journey",2.4,4,"Auto(A4)",19,25,4,"F"
"FCA US LLC","Dodge","Journey",3.6,6,"Auto(A6)",17,25,6,"F"
"FCA US LLC","FIAT","500X",1.4,4,"Manual(M6)",25,33,6,"F"
"FCA US LLC","FIAT","500X",2.4,4,"Auto(A9)",22,30,9,"F"
"Ford Motor Company","Ford","EDGE FWD",2,4,"Auto(S6)",21,29,6,"F"
"Ford Motor Company","Ford","EDGE FWD",2,4,"Auto(S6)",20,29,6,"F"
"Ford Motor Company","Ford","EDGE FWD",3.5,6,"Auto(S6)",17,26,6,"F"
"Ford Motor Company","Ford","ESCAPE FWD",1.5,4,"Auto(S6)",23,30,6,"F"
"Ford Motor Company","Ford","ESCAPE FWD",2,4,"Auto(S6)",22,29,6,"F"
"Ford Motor Company","Ford","ESCAPE FWD",2.5,4,"Auto(S6)",21,29,6,"F"
"Ford Motor Company","Ford","ESCAPE FWD FFV",2.5,4,"Auto(S6)",21,29,6,"F"
"General Motors","GMC","TERRAIN FWD",2.4,4,"Auto(A6)",21,31,6,"F"
"General Motors","GMC","TERRAIN FWD",2.4,4,"Auto(A6)",21,31,6,"F"
"General Motors","GMC","TERRAIN FWD",3.6,6,"Auto(A6)",17,24,6,"F"
"Honda","Honda","CR-V FWD",1.5,4,"Auto(AV)",28,34,1,"F"
"Honda","Honda","CR-V FWD",2.4,4,"Auto(AV)",26,32,1,"F"
"Honda","Honda","PILOT FWD",3.5,6,"Auto(A6)",19,27,6,"F"
"Honda","Honda","PILOT FWD",3.5,6,"Auto(S9)",20,27,9,"F"
"Hyundai","HYUNDAI MOTOR COMPANY","Santa Fe FWD",3.3,6,"Auto(S6)",18,25,6,"F"
"Hyundai","HYUNDAI MOTOR COMPANY","Santa Fe Sport FWD",2,4,"Auto(S6)",20,28,6,"F"
"Hyundai","HYUNDAI MOTOR COMPANY","Santa Fe Sport FWD",2.4,4,"Auto(S6)",21,27,6,"F"
"Hyundai","HYUNDAI MOTOR COMPANY","Santa Fe Sport ULTIMATE FWD",2,4,"Auto(S6)",20,27,6,"F"
"Hyundai","HYUNDAI MOTOR COMPANY","Santa Fe Ultimate FWD",3.3,6,"Auto(S6)",17,23,6,"F"
"Hyundai","HYUNDAI MOTOR COMPANY","Tucson Eco FWD",1.6,4,"Auto(AM7)",26,32,7,"F"
"Hyundai","HYUNDAI MOTOR COMPANY","Tucson FWD",1.6,4,"Auto(AM7)",25,30,7,"F"
"Hyundai","HYUNDAI MOTOR COMPANY","Tucson FWD",2,4,"Auto(S6)",23,30,6,"F"
"Nissan","INFINITI","QX60 FWD",3.5,6,"Auto(AV-S7)",20,27,7,"F"
"Nissan","INFINITI","QX70 RWD",3.7,6,"Auto(S7)",17,24,7,"R"
"FCA US LLC","Jeep","Cherokee FWD",2.4,4,"Auto(A9)",21,30,9,"F"
"FCA US LLC","Jeep","Cherokee FWD",2.4,4,"Auto(A9)",21,30,9,"F"
"FCA US LLC","Jeep","Cherokee FWD",3.2,6,"Auto(A9)",21,29,9,"F"
"FCA US LLC","Jeep","Compass FWD",2,4,"Auto(AV)",22,26,1,"F"
"FCA US LLC","Jeep","Compass FWD",2,4,"Manual(M5)",23,30,5,"F"
"FCA US LLC","Jeep","Compass FWD",2.4,4,"Auto(A6)",21,27,6,"F"
"FCA US LLC","Jeep","Compass FWD",2.4,4,"Manual(M5)",23,28,5,"F"
"FCA US LLC","Jeep","Patriot FWD",2,4,"Auto(AV)",22,26,1,"F"
"FCA US LLC","Jeep","Patriot FWD",2,4,"Manual(M5)",23,30,5,"F"
"FCA US LLC","Jeep","Patriot FWD",2.4,4,"Auto(A6)",21,27,6,"F"
"FCA US LLC","Jeep","Patriot FWD",2.4,4,"Manual(M5)",23,28,5,"F"
"FCA US LLC","Jeep","Renegade 4x2",1.4,4,"Manual(M6)",24,31,6,"F"
"FCA US LLC","Jeep","Renegade 4x2",2.4,4,"Auto(A9)",22,30,9,"F"
"Kia","KIA MOTORS CORPORATION","Sorento FWD",2,4,"Auto(S6)",20,27,6,"F"
"Kia","KIA MOTORS CORPORATION","Sorento FWD",2.4,4,"Auto(S6)",21,28,6,"F"
"Kia","KIA MOTORS CORPORATION","Sorento FWD",3.3,6,"Auto(S6)",18,25,6,"F"
"Kia","KIA MOTORS CORPORATION","Sportage FE FWD",2.4,4,"Auto(S6)",23,30,6,"F"
"Kia","KIA MOTORS CORPORATION","Sportage FWD",2,4,"Auto(S6)",21,26,6,"F"
"Kia","KIA MOTORS CORPORATION","Sportage FWD",2.4,4,"Auto(S6)",22,29,6,"F"
"Toyota","LEXUS","NX 200t",2,4,"Auto(S6)",22,28,6,"F"
"Toyota","LEXUS","RX 350",3.5,6,"Auto(S8)",20,27,8,"F"
"Ford Motor Company","Lincoln","MKC  FWD",2,4,"Auto(S6)",21,28,6,"F"
"Ford Motor Company","Lincoln","MKX FWD",2.7,6,"Auto(S6)",18,25,6,"F"
"Ford Motor Company","Lincoln","MKX FWD",3.7,6,"Auto(S6)",17,25,6,"F"
"MAZDA","MAZDA","CX-9 2WD",2.5,4,"Auto(S6)",22,28,6,"F"
"Mercedes-Benz","Mercedes-Benz","GLC 300",2,4,"Auto(A9)",22,28,9,"R"
"Mitsubishi Motors Co","Mitsubishi Motors Corporation","OUTLANDER 2WD",2.4,4,"Auto(AV-S6)",25,30,6,"F"
"Mitsubishi Motors Co","Mitsubishi Motors Corporation","OUTLANDER SPORT 2WD",2,4,"Auto(AV-S6)",24,30,6,"F"
"Mitsubishi Motors Co","Mitsubishi Motors Corporation","OUTLANDER SPORT 2WD",2,4,"Manual(M5)",23,29,5,"F"
"Nissan","NISSAN","PATHFINDER 2WD",3.5,6,"Auto(AV)",20,27,1,"F"
"Nissan","NISSAN","ROGUE FWD",2.5,4,"Auto(AV)",26,33,1,"F"
"Nissan","NISSAN","ROGUE FWD Hybrid",2,4,"Auto(AV-S7)",33,35,7,"F"
"Toyota","TOYOTA","HIGHLANDER",2.7,4,"Auto(S6)",20,24,6,"F"
"Toyota","TOYOTA","HIGHLANDER",3.5,6,"Auto(S8)",20,27,8,"F"
"Toyota","TOYOTA","HIGHLANDER LE/XLE/SE/LTD",3.5,6,"Auto(S8)",21,27,8,"F"
"Toyota","TOYOTA","RAV4",2.5,4,"Auto(S6)",23,29,6,"F"
"Toyota","TOYOTA","RAV4 LE/XLE",2.5,4,"Auto(S6)",23,30,6,"F"
"Volkswagen Group of","Volkswagen","Tiguan",2,4,"Auto(S6)",20,24,6,"F"
"Volvo","Volvo Cars of North America, LLC","XC60 FWD",2,4,"Auto(S8)",23,30,8,"F"
"Honda","Acura","MDX AWD",3.5,6,"Auto(S9)",18,26,9,"A"
"Honda","Acura","MDX AWD",3.5,6,"Auto(S9)",19,26,9,"A"
"Honda","Acura","RDX AWD",3.5,6,"Auto(S6)",19,27,6,"A"
"Volkswagen Group of","Audi","Q5",2,4,"Auto(S8)",20,27,8,"A"
"Volkswagen Group of","Audi","Q5",3,6,"Auto(S8)",18,26,8,"A"
"Volkswagen Group of","Audi","SQ5",3,6,"Auto(S8)",17,24,8,"A"
"BMW","BMW","X3 xDrive28i",2,4,"Auto(S8)",21,28,8,"A"
"BMW","BMW","X3 xDrive35i",3,6,"Auto(S8)",19,26,8,"A"
"BMW","BMW","X4 M40i",3,6,"Auto(S8)",19,26,8,"A"
"BMW","BMW","X4 xDrive28i",2,4,"Auto(S8)",20,27,8,"A"
"General Motors","Buick","ENCORE AWD",1.4,4,"Auto(S6)",26,31,6,"A"
"General Motors","Buick","ENCORE AWD",1.4,4,"Auto(S6)",24,30,6,"A"
"General Motors","Buick","ENVISION AWD",2,4,"Auto(A6)",20,26,6,"A"
"General Motors","Buick","ENVISION AWD",2.5,4,"Auto(A6)",21,28,6,"A"
"General Motors","Cadillac","XT5 AWD",3.6,6,"Auto(S8)",18,26,8,"A"
"General Motors","Chevrolet","EQUINOX AWD",2.4,4,"Auto(A6)",20,28,6,"A"
"General Motors","Chevrolet","EQUINOX AWD",2.4,4,"Auto(A6)",20,28,6,"A"
"General Motors","Chevrolet","EQUINOX AWD",3.6,6,"Auto(A6)",16,23,6,"A"
"General Motors","Chevrolet","TRAX AWD",1.4,4,"Auto(S6)",24,30,6,"A"
"FCA US LLC","Dodge","Journey AWD",3.6,6,"Auto(A6)",16,24,6,"A"
"FCA US LLC","FIAT","500X AWD",2.4,4,"Auto(A9)",21,29,9,"A"
"Ford Motor Company","Ford","EDGE AWD",2,4,"Auto(S6)",20,27,6,"A"
"Ford Motor Company","Ford","EDGE AWD",2.7,6,"Auto(S6)",17,24,6,"A"
"Ford Motor Company","Ford","EDGE AWD",3.5,6,"Auto(S6)",17,24,6,"A"
"Ford Motor Company","Ford","ESCAPE AWD",1.5,4,"Auto(S6)",22,28,6,"A"
"Ford Motor Company","Ford","ESCAPE AWD",2,4,"Auto(S6)",20,27,6,"A"
"General Motors","GMC","TERRAIN AWD",2.4,4,"Auto(A6)",20,28,6,"A"
"General Motors","GMC","TERRAIN AWD",3.6,6,"Auto(A6)",16,23,6,"A"
"Honda","Honda","CR-V AWD",1.5,4,"Auto(AV)",27,33,1,"A"
"Honda","Honda","CR-V AWD",2.4,4,"Auto(AV)",25,31,1,"A"
"Honda","Honda","PILOT AWD",3.5,6,"Auto(A6)",18,26,6,"A"
"Honda","Honda","PILOT AWD",3.5,6,"Auto(S9)",19,26,9,"A"
"Hyundai","HYUNDAI MOTOR COMPANY","Santa Fe AWD",3.3,6,"Auto(S6)",18,24,6,"A"
"Hyundai","HYUNDAI MOTOR COMPANY","Santa Fe Sport AWD",2,4,"Auto(S6)",19,26,6,"A"
"Hyundai","HYUNDAI MOTOR COMPANY","Santa Fe Sport AWD",2.4,4,"Auto(S6)",20,26,6,"A"
"Hyundai","HYUNDAI MOTOR COMPANY","Santa Fe Sport ULTIMATE AWD",2,4,"Auto(S6)",19,24,6,"A"
"Hyundai","HYUNDAI MOTOR COMPANY","Santa Fe Ultimate AWD",3.3,6,"Auto(S6)",17,22,6,"A"
"Hyundai","HYUNDAI MOTOR COMPANY","Tucson AWD",1.6,4,"Auto(AM7)",24,28,7,"A"
"Hyundai","HYUNDAI MOTOR COMPANY","Tucson AWD",2,4,"Auto(S6)",21,26,6,"A"
"Hyundai","HYUNDAI MOTOR COMPANY","Tucson Eco AWD",1.6,4,"Auto(AM7)",25,30,7,"A"
"Nissan","INFINITI","QX60 AWD",3.5,6,"Auto(AV-S7)",19,26,7,"A"
"Nissan","INFINITI","QX70 AWD",3.7,6,"Auto(S7)",16,22,7,"A"
"Jaguar Land Rover L","Jaguar","F-Pace",2,4,"Auto(S8)",26,33,8,"A"
"Jaguar Land Rover L","Jaguar","F-Pace",3,6,"Auto(S8)",18,23,8,"A"
"FCA US LLC","Jeep","Cherokee 4X4",2.4,4,"Auto(A9)",21,28,9,"A"
"FCA US LLC","Jeep","Cherokee 4X4",2.4,4,"Auto(A9)",21,28,9,"A"
"FCA US LLC","Jeep","Cherokee 4X4",3.2,6,"Auto(A9)",20,27,9,"A"
"FCA US LLC","Jeep","Cherokee 4x4 Active Drive II",2.4,4,"Auto(A9)",21,27,9,"4"
"FCA US LLC","Jeep","Cherokee 4x4 Active Drive II",3.2,6,"Auto(A9)",18,26,9,"4"
"FCA US LLC","Jeep","Cherokee Trailhawk 4X4",2.4,4,"Auto(A9)",19,25,9,"4"
"FCA US LLC","Jeep","Cherokee Trailhawk 4X4",3.2,6,"Auto(A9)",18,24,9,"4"
"FCA US LLC","Jeep","Compass 4X4",2.4,4,"Auto(A6)",20,25,6,"4"
"FCA US LLC","Jeep","Compass 4X4",2.4,4,"Auto(AV)",20,23,1,"4"
"FCA US LLC","Jeep","Compass 4X4",2.4,4,"Manual(M5)",22,27,5,"A"
"FCA US LLC","Jeep","Patriot 4X4",2.4,4,"Auto(A6)",20,25,6,"4"
"FCA US LLC","Jeep","Patriot 4X4",2.4,4,"Auto(AV)",20,23,1,"4"
"FCA US LLC","Jeep","Patriot 4X4",2.4,4,"Manual(M5)",22,27,5,"A"
"FCA US LLC","Jeep","Renegade 4x4",1.4,4,"Manual(M6)",24,31,6,"A"
"FCA US LLC","Jeep","Renegade 4x4",2.4,4,"Auto(A9)",21,29,9,"A"
"FCA US LLC","Jeep","Wrangler 4X4",3.6,6,"Auto(A5)",17,21,5,"4"
"FCA US LLC","Jeep","Wrangler 4X4",3.6,6,"Manual(M6)",17,21,6,"4"
"FCA US LLC","Jeep","Wrangler Unlimited 4X4",3.6,6,"Auto(A5)",16,20,5,"4"
"FCA US LLC","Jeep","Wrangler Unlimited 4X4",3.6,6,"Manual(M6)",16,21,6,"4"
"Kia","KIA MOTORS CORPORATION","Sorento AWD",2,4,"Auto(S6)",19,25,6,"A"
"Kia","KIA MOTORS CORPORATION","Sorento AWD",2.4,4,"Auto(S6)",21,25,6,"A"
"Kia","KIA MOTORS CORPORATION","Sorento AWD",3.3,6,"Auto(S6)",17,23,6,"A"
"Kia","KIA MOTORS CORPORATION","Sorento AWD FE",3.3,6,"Auto(S6)",18,25,6,"A"
"Kia","KIA MOTORS CORPORATION","Sportage AWD",2,4,"Auto(S6)",20,23,6,"A"
"Kia","KIA MOTORS CORPORATION","Sportage AWD",2.4,4,"Auto(S6)",21,25,6,"A"
"Kia","KIA MOTORS CORPORATION","Sportage FE AWD",2.4,4,"Auto(S6)",21,25,6,"A"
"Jaguar Land Rover L","Land Rover","Discovery Sport",2,4,"Auto(S9)",20,25,9,"4"
"Jaguar Land Rover L","Land Rover","Range Rover Evoque",2,4,"Auto(S9)",21,29,9,"4"
"Jaguar Land Rover L","Land Rover","Range Rover Evoque Cabriolet",2,4,"Auto(S9)",20,28,9,"4"
"Toyota","LEXUS","NX 200t AWD",2,4,"Auto(S6)",22,28,6,"A"
"Toyota","LEXUS","NX 200t AWD F SPORT",2,4,"Auto(S6)",22,27,6,"A"
"Toyota","LEXUS","NX 300h AWD",2.5,4,"Auto(AV-S6)",33,30,6,"A"
"Toyota","LEXUS","RX 350 AWD",3.5,6,"Auto(S8)",19,26,8,"A"
"Ford Motor Company","Lincoln","MKC  AWD",2,4,"Auto(S6)",19,25,6,"A"
"Ford Motor Company","Lincoln","MKC  AWD",2,4,"Auto(S6)",19,25,6,"A"
"Ford Motor Company","Lincoln","MKC  AWD",2.3,4,"Auto(S6)",18,25,6,"A"
"Ford Motor Company","Lincoln","MKX AWD",2.7,6,"Auto(S6)",17,24,6,"A"
"Ford Motor Company","Lincoln","MKX AWD",3.7,6,"Auto(S6)",16,23,6,"A"
"MAZDA","MAZDA","CX-9 4WD",2.5,4,"Auto(S6)",20,26,6,"4"
"Mercedes-Benz","Mercedes-Benz","AMG GLC 43 4MATIC",3,6,"Auto(A9)",18,24,9,"4"
"Mercedes-Benz","Mercedes-Benz","AMG GLC 43 4MATIC (coupe)",3,6,"Auto(A9)",18,24,9,"4"
"Mercedes-Benz","Mercedes-Benz","GLA 250 4MATIC",2,4,"Auto(AM7)",23,31,7,"4"
"Mercedes-Benz","Mercedes-Benz","GLA 250 4MATIC",2,4,"Auto(AM7)",23,31,7,"4"
"Mercedes-Benz","Mercedes-Benz","GLC 300 4MATIC",2,4,"Auto(A9)",21,28,9,"4"
"Mercedes-Benz","Mercedes-Benz","GLC 300 4MATIC (Coupe)",2,4,"Auto(A9)",22,27,9,"4"
"Mitsubishi Motors Co","Mitsubishi Motors Corporation","OUTLANDER 4WD",2.4,4,"Auto(AV-S6)",24,29,6,"4"
"Mitsubishi Motors Co","Mitsubishi Motors Corporation","OUTLANDER 4WD",3,6,"Auto(S6)",20,27,6,"4"
"Mitsubishi Motors Co","Mitsubishi Motors Corporation","OUTLANDER SPORT 4WD",2,4,"Auto(AV-S6)",23,29,6,"4"
"Nissan","NISSAN","PATHFINDER 4WD",3.5,6,"Auto(AV)",19,26,1,"4"
"Nissan","NISSAN","PATHFINDER 4WD PLATINUM",3.5,6,"Auto(AV)",19,26,1,"4"
"Nissan","NISSAN","ROGUE AWD",2.5,4,"Auto(AV)",25,32,1,"A"
"Nissan","NISSAN","ROGUE AWD Hybrid",2,4,"Auto(AV-S7)",31,34,7,"A"
"Porsche","Porsche","Macan",2,4,"Auto(AM-S7)",20,25,7,"A"
"Porsche","Porsche","Macan GTS",3,6,"Auto(AM-S7)",17,23,7,"A"
"Porsche","Porsche","Macan S",3,6,"Auto(AM-S7)",17,23,7,"A"
"Porsche","Porsche","Macan Turbo",3.6,6,"Auto(AM-S7)",17,23,7,"A"
"Porsche","Porsche","Macan Turbo Kit",3.6,6,"Auto(AM-S7)",17,23,7,"A"
"Subaru","Subaru","CROSSTREK",2,4,"Auto(AV-S6)",26,33,6,"A"
"Subaru","Subaru","CROSSTREK",2,4,"Manual(M5)",23,30,5,"A"
"Subaru","Subaru","FORESTER",2,4,"Auto(AV-S8)",23,27,8,"A"
"Subaru","Subaru","FORESTER",2.5,4,"Auto(AV)",26,32,1,"A"
"Subaru","Subaru","FORESTER",2.5,4,"Manual(M6)",22,28,6,"A"
"Subaru","Subaru","OUTBACK",2.5,4,"Auto(AV-S6)",25,32,6,"A"
"Subaru","Subaru","OUTBACK",3.6,6,"Auto(AV-S6)",20,27,6,"A"
"Toyota","TOYOTA","RAV4 AWD",2.5,4,"Auto(S6)",22,28,6,"A"
"Toyota","TOYOTA","RAV4 HYBRID AWD",2.5,4,"Auto(AV-S6)",34,30,6,"A"
"Toyota","TOYOTA","RAV4 Limited AWD/SE AWD",2.5,4,"Auto(S6)",22,28,6,"A"
"Volkswagen Group of","Volkswagen","Tiguan 4Motion",2,4,"Auto(S6)",20,24,6,"A"
"Volvo","Volvo Cars of North America, LLC","XC60 AWD",2,4,"Auto(S8)",20,29,8,"A"
"Volvo","Volvo Cars of North America, LLC","XC60 AWD",2,4,"Auto(S8)",20,27,8,"A"
"BMW","BMW","X5 sDrive35i",3,6,"Auto(S8)",18,25,8,"R"
"BMW","BMW","X6 sDrive35i",3,6,"Auto(S8)",18,25,8,"R"
"General Motors","Buick","ENCLAVE FWD",3.6,6,"Auto(A6)",15,22,6,"F"
"General Motors","Cadillac","ESCALADE 2WD",6.2,8,"Auto(A8)",15,22,8,"R"
"General Motors","Chevrolet","C1500 SUBURBAN 2WD",5.3,8,"Auto(A6)",16,23,6,"R"
"General Motors","Chevrolet","C1500 SUBURBAN 2WD",5.3,8,"Auto(A6)",16,23,6,"R"
"General Motors","Chevrolet","C1500 TAHOE 2WD",5.3,8,"Auto(A6)",16,23,6,"R"
"General Motors","Chevrolet","C1500 TAHOE 2WD",5.3,8,"Auto(A6)",16,23,6,"R"
"General Motors","Chevrolet","TRAVERSE FWD",3.6,6,"Auto(A6)",15,22,6,"F"
"FCA US LLC","Dodge","Durango RWD",3.6,6,"Auto(A8)",19,26,8,"R"
"FCA US LLC","Dodge","Durango RWD",5.7,8,"Auto(A8)",14,22,8,"R"
"Ford Motor Company","Ford","Expedition 2WD",3.5,6,"Auto(S6)",15,21,6,"R"
"Ford Motor Company","Ford","Expedition EL 2WD",3.5,6,"Auto(S6)",15,20,6,"R"
"Ford Motor Company","Ford","EXPLORER FFV 2WD",3.5,6,"Auto(S6)",17,24,6,"F"
"Ford Motor Company","Ford","EXPLORER FWD",2.3,4,"Auto(S6)",19,27,6,"F"
"Ford Motor Company","Ford","EXPLORER FWD",3.5,6,"Auto(S6)",17,24,6,"F"
"Ford Motor Company","Ford","Flex FWD",3.5,6,"Auto(S6)",16,23,6,"F"
"General Motors","GMC","ACADIA FWD",2.5,4,"Auto(A6)",21,26,6,"F"
"General Motors","GMC","ACADIA FWD",3.6,6,"Auto(A6)",18,25,6,"F"
"General Motors","GMC","ACADIA LIMITED FWD",3.6,6,"Auto(A6)",15,22,6,"F"
"General Motors","GMC","C1500 YUKON 2WD",5.3,8,"Auto(A6)",16,23,6,"R"
"General Motors","GMC","C1500 YUKON 2WD",5.3,8,"Auto(A6)",16,23,6,"R"
"General Motors","GMC","C1500 YUKON 2WD",6.2,8,"Auto(A8)",15,22,8,"R"
"General Motors","GMC","C1500 YUKON XL 2WD",5.3,8,"Auto(A6)",16,23,6,"R"
"General Motors","GMC","C1500 YUKON XL 2WD",5.3,8,"Auto(A6)",16,23,6,"R"
"General Motors","GMC","C1500 YUKON XL 2WD",6.2,8,"Auto(A8)",15,22,8,"R"
"Nissan","INFINITI","QX60 FWD Hybrid",2.5,4,"Auto(AV-S7)",25,27,7,"F"
"Nissan","INFINITI","QX80 2WD",5.6,8,"Auto(S7)",14,20,7,"R"
"FCA US LLC","Jeep","Grand Cherokee 4X2",3.6,6,"Auto(A8)",19,26,8,"R"
"Ford Motor Company","Lincoln","MKT FWD",3.7,6,"Auto(S6)",16,24,6,"F"
"Ford Motor Company","Lincoln","Navigator 2WD",3.5,6,"Auto(S6)",15,21,6,"R"
"Ford Motor Company","Lincoln","Navigator L 2WD",3.5,6,"Auto(S6)",15,20,6,"R"
"Mercedes-Benz","Mercedes-Benz","GLE 350",3.5,6,"Auto(A7)",18,23,7,"R"
"Nissan","NISSAN","ARMADA 2WD",5.6,8,"Auto(S7)",14,19,7,"R"
"Toyota","TOYOTA","4RUNNER 2WD",4,6,"Auto(S5)",17,21,5,"R"
"Toyota","TOYOTA","SEQUOIA 2WD",5.7,8,"Auto(S6)",13,17,6,"R"
"Volvo","Volvo Cars of North America, LLC","XC90 FWD",2,4,"Auto(S8)",22,26,8,"F"
"Volkswagen Group of","Audi","Q7",2,4,"Auto(S8)",20,25,8,"A"
"Volkswagen Group of","Audi","Q7",3,6,"Auto(S8)",19,25,8,"A"
"Volkswagen Group of","Bentley","Bentayga",6,12,"Auto(S8)",12,19,8,"A"
"BMW","BMW","X5 M",4.4,8,"Auto(S8)",14,19,8,"A"
"BMW","BMW","X5 xDrive 35d",3,6,"Auto(S8)",23,29,8,"A"
"BMW","BMW","X5 xDrive35i",3,6,"Auto(S8)",18,24,8,"A"
"BMW","BMW","X5 xDrive50i",4.4,8,"Auto(S8)",15,21,8,"A"
"BMW","BMW","X6 M",4.4,8,"Auto(S8)",14,19,8,"A"
"BMW","BMW","X6 xDrive35i",3,6,"Auto(S8)",18,24,8,"A"
"BMW","BMW","X6 xDrive50i",4.4,8,"Auto(S8)",15,21,8,"A"
"General Motors","Buick","ENCLAVE AWD",3.6,6,"Auto(A6)",15,22,6,"A"
"General Motors","Cadillac","ESCALADE 4WD",6.2,8,"Auto(A8)",15,20,8,"4"
"General Motors","Chevrolet","K1500 SUBURBAN 4WD",5.3,8,"Auto(A6)",15,22,6,"4"
"General Motors","Chevrolet","K1500 SUBURBAN 4WD",5.3,8,"Auto(A6)",15,22,6,"4"
"General Motors","Chevrolet","K1500 TAHOE 4WD",5.3,8,"Auto(A6)",16,22,6,"4"
"General Motors","Chevrolet","K1500 TAHOE 4WD",5.3,8,"Auto(A6)",16,22,6,"4"
"General Motors","Chevrolet","TRAVERSE AWD",3.6,6,"Auto(A6)",15,22,6,"A"
"FCA US LLC","Dodge","Durango AWD",3.6,6,"Auto(A8)",18,25,8,"4"
"FCA US LLC","Dodge","Durango AWD",5.7,8,"Auto(A8)",14,22,8,"A"
"Ford Motor Company","Ford","Expedition 4WD",3.5,6,"Auto(S6)",15,20,6,"P"
"Ford Motor Company","Ford","Expedition EL 4WD",3.5,6,"Auto(S6)",15,19,6,"P"
"Ford Motor Company","Ford","EXPLORER AWD",2.3,4,"Auto(S6)",18,25,6,"A"
"Ford Motor Company","Ford","EXPLORER AWD",3.5,6,"Auto(S6)",16,22,6,"A"
"Ford Motor Company","Ford","EXPLORER AWD",3.5,6,"Auto(S6)",16,23,6,"A"
"Ford Motor Company","Ford","EXPLORER FFV AWD",3.5,6,"Auto(S6)",16,23,6,"A"
"Ford Motor Company","Ford","FLEX AWD",3.5,6,"Auto(S6)",15,21,6,"A"
"Ford Motor Company","Ford","FLEX AWD",3.5,6,"Auto(S6)",16,22,6,"A"
"General Motors","GMC","ACADIA AWD",2.5,4,"Auto(A6)",21,25,6,"A"
"General Motors","GMC","ACADIA AWD",3.6,6,"Auto(A6)",18,25,6,"A"
"General Motors","GMC","ACADIA LIMITED AWD",3.6,6,"Auto(A6)",15,22,6,"A"
"General Motors","GMC","K1500 YUKON 4WD",5.3,8,"Auto(A6)",16,22,6,"4"
"General Motors","GMC","K1500 YUKON 4WD",5.3,8,"Auto(A6)",16,22,6,"4"
"General Motors","GMC","K1500 YUKON 4WD",6.2,8,"Auto(A8)",15,20,8,"4"
"General Motors","GMC","K1500 YUKON XL 4WD",5.3,8,"Auto(A6)",15,22,6,"4"
"General Motors","GMC","K1500 YUKON XL 4WD",5.3,8,"Auto(A6)",15,22,6,"4"
"General Motors","GMC","K1500 YUKON XL 4WD",6.2,8,"Auto(A8)",14,20,8,"4"
"Nissan","INFINITI","QX60 AWD Hybrid",2.5,4,"Auto(AV-S7)",25,27,7,"A"
"Nissan","INFINITI","QX80 4WD",5.6,8,"Auto(S7)",13,19,7,"4"
"FCA US LLC","Jeep","Grand Cherokee 4X4",3.6,6,"Auto(A8)",18,25,8,"4"
"FCA US LLC","Jeep","Grand Cherokee 4X4",5.7,8,"Auto(A8)",14,22,8,"A"
"FCA US LLC","Jeep","Grand Cherokee SRT 4x4",6.4,8,"Auto(A8)",13,19,8,"A"
"Jaguar Land Rover L","Land Rover","Range Rover",3,6,"Auto(S8)",17,23,8,"4"
"Jaguar Land Rover L","Land Rover","Range Rover",5,8,"Auto(S8)",14,19,8,"4"
"Jaguar Land Rover L","Land Rover","Range Rover LWB",5,8,"Auto(S8)",14,19,8,"4"
"Jaguar Land Rover L","Land Rover","Range Rover Sport",3,6,"Auto(S8)",17,23,8,"4"
"Jaguar Land Rover L","Land Rover","Range Rover Sport",5,8,"Auto(S8)",14,19,8,"4"
"Toyota","LEXUS","GX 460",4.6,8,"Auto(S6)",15,18,6,"4"
"Toyota","LEXUS","LX 570",5.7,8,"Auto(S8)",13,18,8,"4"
"Toyota","LEXUS","RX 450h AWD",3.5,6,"Auto(AV-S6)",31,28,6,"A"
"Ford Motor Company","Lincoln","MKT AWD",3.5,6,"Auto(S6)",15,21,6,"A"
"Ford Motor Company","Lincoln","Navigator 4WD",3.5,6,"Auto(S6)",15,20,6,"P"
"Ford Motor Company","Lincoln","Navigator L 4WD",3.5,6,"Auto(S6)",15,19,6,"P"
"Maserati","MASERATI","LEVANTE",3,8,"Auto(A8)",14,20,8,"A"
"Maserati","MASERATI","LEVANTE S",3,8,"Auto(A8)",14,19,8,"A"
"Mercedes-Benz","Mercedes-Benz","AMG G 63",5.5,8,"Auto(A7)",12,14,7,"4"
"Mercedes-Benz","Mercedes-Benz","AMG G 65",6,12,"Auto(A7)",11,13,7,"4"
"Mercedes-Benz","Mercedes-Benz","AMG GLE 43 4MATIC (coupe)",3,6,"Auto(A9)",17,23,9,"4"
"Mercedes-Benz","Mercedes-Benz","AMG GLE 63",5.5,8,"Auto(A7)",13,17,7,"4"
"Mercedes-Benz","Mercedes-Benz","AMG GLE 63 S",5.5,8,"Auto(A7)",13,17,7,"4"
"Mercedes-Benz","Mercedes-Benz","AMG GLE 63 S (coupe)",5.5,8,"Auto(A7)",14,18,7,"4"
"Mercedes-Benz","Mercedes-Benz","AMG GLS 63",5.5,8,"Auto(A7)",13,17,7,"4"
"Mercedes-Benz","Mercedes-Benz","G 550",4,8,"Auto(A7)",13,14,7,"4"
"Mercedes-Benz","Mercedes-Benz","GLE 350 4MATIC",3.5,6,"Auto(A7)",18,22,7,"4"
"Mercedes-Benz","Mercedes-Benz","GLE 350 4MATIC",3.5,6,"Auto(A7)",18,22,7,"4"
"Mercedes-Benz","Mercedes-Benz","GLE 400 4MATIC",3,6,"Auto(A9)",18,23,9,"4"
"Mercedes-Benz","Mercedes-Benz","GLS 450 4MATIC",3,6,"Auto(A9)",17,22,9,"4"
"Mercedes-Benz","Mercedes-Benz","GLS 550 4MATIC",4.7,8,"Auto(A9)",14,18,9,"4"
"Nissan","NISSAN","ARMADA 4WD",5.6,8,"Auto(S7)",13,18,7,"4"
"Porsche","Porsche","Cayenne",3.6,6,"Auto(S8)",18,24,8,"A"
"Porsche","Porsche","Cayenne GTS",3.6,6,"Auto(S8)",16,23,8,"A"
"Porsche","Porsche","Cayenne Platinum",3.6,6,"Auto(S8)",17,23,8,"A"
"Porsche","Porsche","Cayenne S",3.6,6,"Auto(S8)",17,24,8,"A"
"Porsche","Porsche","Cayenne Turbo",4.8,8,"Auto(S8)",14,21,8,"A"
"Porsche","Porsche","Cayenne Turbo S",4.8,8,"Auto(S8)",14,21,8,"A"
"Toyota","TOYOTA","4RUNNER 4WD",4,6,"Auto(S5)",17,20,5,"P"
"Toyota","TOYOTA","4RUNNER 4WD",4,6,"Auto(S5)",17,20,5,"A"
"Toyota","TOYOTA","HIGHLANDER AWD",3.5,6,"Auto(S8)",20,26,8,"A"
"Toyota","TOYOTA","HIGHLANDER AWD",3.5,6,"Auto(S8)",19,26,8,"A"
"Toyota","TOYOTA","HIGHLANDER AWD LE",3.5,6,"Auto(S8)",20,27,8,"A"
"Toyota","TOYOTA","HIGHLANDER HYBRID AWD",3.5,6,"Auto(AV-S6)",29,27,6,"A"
"Toyota","TOYOTA","HIGHLANDER HYBRID AWD LE Plus",3.5,6,"Auto(AV-S6)",30,28,6,"A"
"Toyota","TOYOTA","LAND CRUISER WAGON 4WD",5.7,8,"Auto(S8)",13,18,8,"4"
"Toyota","TOYOTA","SEQUOIA 4WD",5.7,8,"Auto(S6)",13,17,6,"P"
"Toyota","TOYOTA","SEQUOIA 4WD FFV",5.7,8,"Auto(S6)",13,17,6,"P"
"Volkswagen Group of","Volkswagen","Touareg",3.6,6,"Auto(S8)",17,23,8,"A"
"Volvo","Volvo Cars of North America, LLC","XC90 AWD",2,4,"Auto(S8)",22,25,8,"A"
"Volvo","Volvo Cars of North America, LLC","XC90 AWD",2,4,"Auto(S8)",20,25,8,"A"
NA,NA,NA,NA,NA,NA,NA,NA,NA,NA
NA,NA,NA,NA,NA,NA,NA,NA,NA,NA
NA,NA,NA,NA,NA,NA,NA,NA,NA,NA
NA,NA,NA,NA,NA,NA,NA,NA,NA,NA
NA,NA,NA,NA,NA,NA,NA,NA,NA,NA
NA,NA,NA,NA,NA,NA,NA,NA,NA,NA
NA,NA,NA,NA,NA,NA,NA,NA,NA,NA
NA,NA,NA,NA,NA,NA,NA,NA,NA,NA
NA,NA,NA,NA,NA,NA,NA,NA,NA,NA
NA,NA,NA,NA,NA,NA,NA,NA,NA,NA
NA,NA,NA,NA,NA,NA,NA,NA,NA,NA
NA,NA,NA,NA,NA,NA,NA,NA,NA,NA
NA,NA,NA,NA,NA,NA,NA,NA,NA,NA
NA,NA,NA,NA,NA,NA,NA,NA,NA,NA
NA,NA,NA,NA,NA,NA,NA,NA,NA,NA
NA,NA,NA,NA,NA,NA,NA,NA,NA,NA
NA,NA,NA,NA,NA,NA,NA,NA,NA,NA
NA,NA,NA,NA,NA,NA,NA,NA,NA,NA
NA,NA,NA,NA,NA,NA,NA,NA,NA,NA
NA,NA,NA,NA,NA,NA,NA,NA,NA,NA
NA,NA,NA,NA,NA,NA,NA,NA,NA,NA
NA,NA,NA,NA,NA,NA,NA,NA,NA,NA
NA,NA,NA,NA,NA,NA,NA,NA,NA,NA
NA,NA,NA,NA,NA,NA,NA,NA,NA,NA
NA,NA,NA,NA,NA,NA,NA,NA,NA,NA
NA,NA,NA,NA,NA,NA,NA,NA,NA,NA
